# timestamp tx ty tz qx qy qz qw
1311867170.626086712 -0.098039703 0.005496405 -0.018921050 -0.000102599 0.006192310 -0.000691567 0.999980583
1311867170.662139654 -0.089612827 -0.000170203 -0.021128356 -0.003799235 0.003817472 -0.001847645 0.999983789
1311867170.694204569 -0.081906378 0.000163614 -0.023694683 -0.004332848 0.001732336 -0.004696787 0.999978083
1311867170.726388454 -0.100519676 0.002338112 -0.025560235 -0.005053506 0.005773043 -0.005710535 0.999954261
1311867170.762018919 -0.117784673 -0.005411349 -0.024531536 -0.005856600 0.006367597 -0.005132027 0.999949407
1311867170.794192076 -0.121987670 -0.012557615 -0.029476935 -0.005989860 0.004199465 -0.003117946 0.999968382
1311867170.826281786 -0.127165532 -0.025456047 -0.031981885 -0.005527124 0.002642640 -0.002174943 0.999978868
1311867170.862220764 -0.123597241 -0.024867507 -0.039456246 -0.002167180 0.001029567 -0.001863754 0.999995385
1311867170.894378424 -0.131438250 -0.028794702 -0.038326263 0.000406754 0.002531093 -0.003281798 0.999991329
1311867170.926351309 -0.126687695 -0.039259299 -0.046970532 0.000948381 0.002754733 -0.004477696 0.999985731
1311867170.962147474 -0.149500705 -0.046170683 -0.047366932 0.002785331 0.007289497 -0.008293677 0.999935158
1311867170.994262934 -0.135007809 -0.060114649 -0.054191324 0.001147513 0.003361156 -0.009171952 0.999951629
1311867171.026273966 -0.144795497 -0.064179875 -0.064596365 0.001203313 0.005954206 -0.009293562 0.999938363
1311867171.062352657 -0.161867249 -0.052452492 -0.061614615 0.007650788 0.008362688 -0.012003491 0.999863714
1311867171.094235420 -0.152334348 -0.075010808 -0.068721640 0.004930435 0.005978340 -0.011750212 0.999900936
1311867171.126251459 -0.178124919 -0.081300714 -0.067510421 0.005841776 0.010895263 -0.012340068 0.999847433
1311867171.162247419 -0.162039726 -0.071076776 -0.075449258 0.009617559 0.005445055 -0.007595145 0.999910080
1311867171.194268703 -0.142637188 -0.092647296 -0.076231238 0.006273901 0.000819971 -0.007823749 0.999949376
1311867171.226252794 -0.115516944 -0.079976085 -0.080096157 0.008974415 -0.002346602 -0.005797542 0.999940169
1311867171.262243986 -0.083504322 -0.071039734 -0.080934412 0.010599219 -0.005346371 -0.006912262 0.999905642
1311867171.294340849 -0.114333139 -0.074874890 -0.088859886 0.008784020 0.006916825 -0.013557998 0.999845578
1311867171.326387405 -0.098270320 -0.068924697 -0.088310601 0.007830526 0.009193229 -0.014785385 0.999817763
1311867171.362246037 -0.102654377 -0.072248107 -0.089655372 0.005501997 0.013590450 -0.016671872 0.999753508
1311867171.394142389 -0.116091609 -0.081950204 -0.093291845 0.000532587 0.018455573 -0.017586383 0.999674861
1311867171.426288128 -0.113540650 -0.084387785 -0.093397630 -0.001042961 0.017407417 -0.018635390 0.999674255
1311867171.462243557 -0.107353630 -0.085349716 -0.097244017 -0.000314788 0.014943997 -0.020544646 0.999677196
1311867171.494403839 -0.097978601 -0.057379023 -0.094663339 0.005096707 0.013636718 -0.020101777 0.999691944
1311867171.526177883 -0.123866503 -0.089814395 -0.102603381 -0.001124725 0.017759305 -0.020130062 0.999638996
1311867171.562296867 -0.108465852 -0.083341771 -0.104827085 0.000531088 0.012538010 -0.019813282 0.999724937
1311867171.594292879 -0.093437350 -0.079808385 -0.107231996 0.000251733 0.010598542 -0.021279719 0.999717351
1311867171.626340151 -0.134588206 -0.060210610 -0.105807908 0.004646152 0.019193752 -0.023561787 0.999527316
1311867171.662256241 -0.118065696 -0.062812912 -0.107112373 0.005154255 0.014374413 -0.025523422 0.999557585
1311867171.694343567 -0.145900553 -0.066944706 -0.099246133 0.003968109 0.017811834 -0.026608517 0.999479354
1311867171.726243734 -0.162067967 -0.093158824 -0.105026632 -0.001404488 0.017207239 -0.024136922 0.999559577
1311867171.762119532 -0.200316698 -0.066137588 -0.102644955 0.005378580 0.021704265 -0.025292520 0.999429980
1311867171.794170618 -0.196365570 -0.082776194 -0.108622060 0.003359680 0.018667962 -0.026271883 0.999474866
1311867171.826255083 -0.192265521 -0.054100973 -0.110985367 0.010123890 0.017483884 -0.025077122 0.999481345
1311867171.862358570 -0.196931048 -0.066599549 -0.107275923 0.007987722 0.017146619 -0.026948122 0.999457847
1311867171.894442797 -0.208620241 -0.058969880 -0.107873797 0.010372170 0.016129384 -0.027248813 0.999444727
1311867171.926222324 -0.218706405 -0.062369658 -0.106782617 0.008552685 0.015520560 -0.026594114 0.999489228
1311867171.962466955 -0.242506902 -0.055335743 -0.104506392 0.009505827 0.017259551 -0.027310739 0.999432774
1311867171.994671345 -0.250719696 -0.067166380 -0.107050869 0.005305168 0.016493667 -0.028565499 0.999441757
1311867172.026268005 -0.253917742 -0.051644334 -0.093448812 0.006850047 0.015363262 -0.030278393 0.999399953
1311867172.062288046 -0.276551317 -0.037783798 -0.094902494 0.006896058 0.017858994 -0.029065968 0.999394152
1311867172.094195604 -0.273818187 -0.046526783 -0.086452399 0.003464728 0.014500565 -0.029455552 0.999454901
1311867172.126368999 -0.308686471 -0.061760723 -0.083449421 -0.001846358 0.018152101 -0.027022010 0.999468310
1311867172.162335157 -0.302550431 -0.036647891 -0.084183128 0.002512465 0.013530802 -0.025775821 0.999573015
1311867172.194426537 -0.356254320 -0.040851388 -0.072902158 0.000007347 0.021708473 -0.023305334 0.999492673
1311867172.226441145 -0.326316440 -0.039810105 -0.081367970 -0.001228906 0.013502608 -0.023262666 0.999637443
1311867172.262228489 -0.331291206 -0.026159285 -0.079198833 0.000003131 0.013565480 -0.023091929 0.999641306
1311867172.294483423 -0.348595624 -0.026541535 -0.076944425 -0.001451139 0.017398488 -0.023641943 0.999568029
1311867172.326338053 -0.387932281 -0.028675745 -0.074164978 -0.003518214 0.024633838 -0.022875280 0.999428596
1311867172.362400770 -0.373970189 -0.008213248 -0.070522926 0.000214559 0.019393488 -0.023286930 0.999540677
1311867172.394288778 -0.412674406 -0.007827154 -0.055008896 -0.000483022 0.024852397 -0.020258899 0.999485719
1311867172.426521301 -0.418649772 0.005704325 -0.063539792 0.002233718 0.023767729 -0.019939362 0.999516147
1311867172.462350368 -0.389719815 -0.010551656 -0.068821997 -0.001929829 0.016490226 -0.021327475 0.999634677
1311867172.495266676 -0.410707657 -0.010625166 -0.052960516 -0.002756117 0.021226720 -0.020559581 0.999559470
1311867172.526306391 -0.447421950 -0.017469296 -0.055305325 -0.003573772 0.027493918 -0.021408050 0.999386316
1311867172.562492609 -0.385341593 -0.019639101 -0.058409950 -0.003846086 0.011762591 -0.023406797 0.999649424
1311867172.594543934 -0.383880166 -0.014219908 -0.061374225 -0.003108232 0.011287665 -0.023572955 0.999653562
1311867172.626370192 -0.431315159 0.009874368 -0.050076949 0.001509053 0.021369176 -0.023327947 0.999498318
1311867172.662441730 -0.452033297 0.041578122 -0.046147677 0.007193006 0.024542330 -0.023668418 0.999392686
1311867172.694544315 -0.437995376 0.007996538 -0.038180898 -0.000614623 0.021236184 -0.022700069 0.999516560
1311867172.726393700 -0.493950164 0.003008184 -0.046992360 -0.003134015 0.033734864 -0.024271687 0.999131134
1311867172.762374163 -0.505961009 0.009639233 -0.024460130 -0.003105106 0.034797388 -0.023852765 0.999104872
1311867172.794451475 -0.504532743 0.016095908 -0.029222605 -0.003019326 0.032880146 -0.027433814 0.999078158
1311867172.826308966 -0.523555981 0.036311321 -0.019783838 0.000677693 0.035198775 -0.027284441 0.999007581
1311867172.863231182 -0.509425774 0.025256030 -0.026697992 -0.001681442 0.030267526 -0.028144983 0.999144088
1311867172.894464731 -0.503373577 0.019474909 -0.031665413 -0.003066577 0.026702218 -0.029838134 0.999193311
1311867172.926322222 -0.540050533 0.018386152 -0.034625579 -0.003086565 0.034232348 -0.030910636 0.998931005
1311867172.962331057 -0.534834626 0.021416101 -0.024544868 -0.001899516 0.030881878 -0.029812864 0.999076521
1311867172.994526625 -0.541893943 0.021753404 -0.024177674 -0.001968207 0.032456434 -0.029164308 0.999045619
1311867173.026263237 -0.527515339 0.019128339 -0.025568765 -0.002405874 0.027549398 -0.026274833 0.999272173
1311867173.062462568 -0.531270589 0.015276283 -0.026776385 -0.003293251 0.028173554 -0.025399684 0.999274868
1311867173.094517708 -0.523266827 0.016653221 -0.028116133 -0.002722763 0.025443390 -0.023985891 0.999384759
1311867173.126781940 -0.514546623 0.008766008 -0.030812417 -0.004933986 0.021531274 -0.024066607 0.999466287
1311867173.162230730 -0.488169576 -0.002325010 -0.040497006 -0.008304562 0.014650528 -0.023560568 0.999580560
1311867173.194301128 -0.480379789 -0.023064586 -0.047331488 -0.014570976 0.011927932 -0.024761483 0.999516023
1311867173.226444960 -0.541298614 0.019763099 -0.029263894 -0.005350184 0.025098928 -0.021615338 0.999436940
1311867173.262201548 -0.550637863 0.023016782 -0.032666914 -0.006021299 0.026558275 -0.021494188 0.999398020
1311867173.294268131 -0.570014015 0.048952604 -0.008088845 -0.001686090 0.028621803 -0.018413122 0.999419285
1311867173.326287270 -0.554337872 0.023218280 -0.029068281 -0.007693255 0.024664515 -0.023355933 0.999393304
1311867173.362327814 -0.510716809 -0.001066305 -0.043990641 -0.013451612 0.012815717 -0.026464805 0.999477076
1311867173.394287348 -0.521998745 0.000897723 -0.035550647 -0.013367027 0.013141720 -0.027988305 0.999432475
1311867173.426279068 -0.574145292 0.023802537 -0.023624689 -0.007733474 0.024150996 -0.026894839 0.999316562
1311867173.462289572 -0.588022544 0.030493769 -0.022176873 -0.006002281 0.025673057 -0.025950811 0.999315477
1311867173.494338989 -0.552907797 0.011358015 -0.034154212 -0.010043887 0.016084177 -0.026120068 0.999478945
1311867173.526390076 -0.569235983 0.035690516 -0.020727855 -0.004256595 0.018992131 -0.024896992 0.999500535
1311867173.562437296 -0.585864815 0.041417670 -0.015714734 -0.003616159 0.023006488 -0.024398854 0.999430999
1311867173.594310999 -0.575264106 0.049651221 -0.011199948 -0.001969725 0.018772454 -0.024993769 0.999509393
1311867173.626396179 -0.601826729 0.045050226 -0.013482597 -0.002693269 0.024347948 -0.025894851 0.999364488
1311867173.662329674 -0.624126840 0.078053658 0.013171876 0.004997422 0.028216333 -0.023859094 0.999304562
1311867173.694354057 -0.570802587 0.028465453 -0.023563221 -0.005793161 0.015231611 -0.025931202 0.999530895
1311867173.762397289 -0.525354956 0.012624496 -0.039175768 -0.007846794 0.002622502 -0.028174632 0.999568777
1311867173.794355631 -0.573641455 0.043077262 -0.021873786 -0.001430056 0.014538843 -0.025727368 0.999562244
1311867173.826567173 -0.549328476 0.031616203 -0.029605941 -0.002848103 0.006898694 -0.027073110 0.999605594
1311867173.863580704 -0.541293285 0.019644818 -0.038667459 -0.006120857 0.004800474 -0.027306992 0.999596828
1311867173.894608021 -0.551213215 0.022036448 -0.034836601 -0.005488410 0.005152290 -0.025978635 0.999634154
1311867173.926697016 -0.554080052 0.026749361 -0.030467286 -0.002968787 0.001498669 -0.024356508 0.999697805
1311867173.962546110 -0.477855346 -0.066048305 -0.055195808 -0.026458834 -0.019684996 -0.028012675 0.999063422
1311867173.994431257 -0.504562439 -0.034343850 -0.043583274 -0.020087470 -0.015440515 -0.024196030 0.999386130
1311867174.026425838 -0.487567530 -0.059668615 -0.059299493 -0.025227309 -0.021239880 -0.026484120 0.999105120
1311867174.062462807 -0.522544222 -0.009426115 -0.048025502 -0.015644405 -0.012406758 -0.022856252 0.999539352
1311867174.094519377 -0.494338167 -0.051341016 -0.054867082 -0.027663031 -0.018519830 -0.026984811 0.999081374
1311867174.126454353 -0.500829740 -0.038108012 -0.051947544 -0.024704040 -0.018393140 -0.026398869 0.999176913
1311867174.162432671 -0.528767095 0.012325247 -0.050830201 -0.014658862 -0.011157458 -0.022378843 0.999579820
1311867174.194398165 -0.520703093 -0.013873415 -0.051364530 -0.023572812 -0.013762536 -0.025189909 0.999309954
1311867174.226758003 -0.562540390 0.025828743 -0.043107329 -0.014991804 -0.004438835 -0.022732523 0.999619315
1311867174.262677193 -0.531989907 0.010148561 -0.049450907 -0.019500616 -0.012674776 -0.025024390 0.999416258
1311867174.294528246 -0.530400130 -0.021498543 -0.048141925 -0.028692017 -0.012435814 -0.029093295 0.999087433
1311867174.326573849 -0.541838926 0.009276193 -0.053899220 -0.020129989 -0.009993808 -0.028174011 0.999350355
1311867174.362432718 -0.498105955 -0.058604449 -0.066784388 -0.037777461 -0.021636245 -0.032633107 0.998518811
1311867174.394635677 -0.541243440 -0.001255335 -0.047382694 -0.025295938 -0.012330804 -0.027392073 0.999228573
1311867174.426678896 -0.523161302 -0.040101965 -0.056859019 -0.034566914 -0.019647073 -0.030110474 0.998755466
1311867174.463016033 -0.533964247 -0.033821717 -0.053408818 -0.032995712 -0.019973868 -0.028887453 0.998838246
1311867174.494566679 -0.570438783 0.000448996 -0.040376933 -0.025926599 -0.010706799 -0.025671164 0.999276822
1311867174.526752234 -0.554284138 -0.013846102 -0.040076376 -0.028599788 -0.016643927 -0.027245470 0.999080936
1311867174.562350273 -0.545446613 0.001918118 -0.035089162 -0.025127181 -0.020175474 -0.025700744 0.999150162
1311867174.594488144 -0.562527858 0.007773785 -0.034089730 -0.024498727 -0.015725058 -0.025981687 0.999238453
1311867174.626545668 -0.526974774 -0.041332429 -0.054804533 -0.036001723 -0.026629040 -0.029943350 0.998548029
1311867174.662490845 -0.566788821 0.001490720 -0.037926668 -0.026152619 -0.019401113 -0.027163482 0.999100487
1311867174.694590807 -0.563280836 0.008912442 -0.035493126 -0.026214559 -0.020829667 -0.024074403 0.999149311
1311867174.726563215 -0.568876547 -0.011404602 -0.037663395 -0.031765964 -0.021987763 -0.026967209 0.998889499
1311867174.762375593 -0.566052876 -0.019938251 -0.044823925 -0.032388763 -0.024417443 -0.028078064 0.998782448
1311867174.794474125 -0.555253226 -0.026433911 -0.043019879 -0.034034311 -0.027699738 -0.027990479 0.998644543
1311867174.827330112 -0.572043021 -0.012432424 -0.035543414 -0.030004143 -0.025104717 -0.027275124 0.998862139
1311867174.862422943 -0.616804029 0.040886040 -0.029880133 -0.016479600 -0.015062968 -0.022655412 0.999494003
1311867174.894419670 -0.533277021 -0.042396485 -0.046689829 -0.036371580 -0.037385823 -0.028965481 0.998218618
1311867174.926975250 -0.571890787 0.038668183 -0.037058976 -0.016233869 -0.026946512 -0.023071702 0.999238732
1311867174.962643385 -0.591870873 0.002176711 -0.033980096 -0.024394894 -0.022800102 -0.029865780 0.998996036
1311867174.994335413 -0.572271546 -0.007316203 -0.045866856 -0.025980744 -0.028738433 -0.031095664 0.998765319
1311867175.026551247 -0.555103866 -0.000153824 -0.041740022 -0.026113658 -0.033743747 -0.030021078 0.998638158
1311867175.063311577 -0.583991222 0.034454197 -0.035583176 -0.018130651 -0.029775799 -0.026300819 0.999046019
1311867175.094718933 -0.580529535 0.000926510 -0.039072123 -0.028159025 -0.033226477 -0.028902220 0.998632932
1311867175.126531363 -0.605881794 0.021438033 -0.032074893 -0.024504898 -0.027662856 -0.026944135 0.998953598
1311867175.162518263 -0.577748392 -0.012655452 -0.037661418 -0.034413327 -0.035355202 -0.029291530 0.998352512
1311867175.194640398 -0.595171461 0.010832302 -0.033474235 -0.028963530 -0.031273124 -0.028152313 0.998694424
1311867175.227005005 -0.593427556 0.022553100 -0.033423465 -0.027790602 -0.030878942 -0.026204386 0.998793023
1311867175.262466908 -0.595779337 0.011349722 -0.035126862 -0.032556275 -0.030526094 -0.025084896 0.998688637
1311867175.294450760 -0.601260944 0.015323245 -0.040202273 -0.032841680 -0.032116331 -0.024592136 0.998641674
1311867175.326706171 -0.578220975 -0.014159886 -0.045747910 -0.043035458 -0.038383302 -0.025153202 0.998019032
1311867175.362564802 -0.588286698 -0.008998564 -0.034306260 -0.043506386 -0.037025750 -0.025060319 0.998052237
1311867175.394598722 -0.611046303 0.010664453 -0.023550946 -0.039586806 -0.032454861 -0.024142071 0.998397079
1311867175.426606417 -0.617367638 0.027308006 -0.025238005 -0.035993923 -0.030873337 -0.024784596 0.998567473
1311867175.462599516 -0.631222783 0.024300087 -0.014601533 -0.037416244 -0.029386534 -0.026301152 0.998521260
1311867175.494573355 -0.574542053 -0.060564077 -0.046666488 -0.058078672 -0.047609046 -0.034474802 0.996580019
1311867175.526426792 -0.610201830 -0.017797315 -0.027143896 -0.048472067 -0.038864306 -0.032038975 0.997553772
1311867175.562570095 -0.617844726 -0.016842929 -0.025733965 -0.049081503 -0.036881109 -0.034399309 0.997520665
1311867175.594663858 -0.619085247 -0.014511318 -0.016729089 -0.049379909 -0.036487554 -0.036310169 0.997452683
1311867175.626479864 -0.619898537 -0.017503667 -0.031332480 -0.050239463 -0.037772796 -0.037052393 0.997334614
1311867175.662493467 -0.623013290 -0.014869546 -0.025635328 -0.051767662 -0.039090989 -0.034306708 0.997303892
1311867175.694699764 -0.624444596 -0.015656409 -0.020646334 -0.052906639 -0.042378609 -0.033594692 0.997134062
1311867175.727311850 -0.627875991 -0.012010621 -0.022968918 -0.052428403 -0.043485098 -0.033648949 0.997109852
1311867175.762497187 -0.631034418 -0.014068849 -0.017179905 -0.053913617 -0.043209584 -0.034336638 0.997019182
1311867175.794861555 -0.632437785 -0.014886877 -0.018219927 -0.054248691 -0.043400589 -0.035087281 0.996966575
1311867175.828796864 -0.636028895 -0.015627283 -0.025587803 -0.053713788 -0.043848108 -0.036829650 0.996913110
1311867175.862551689 -0.639849722 -0.015486893 -0.028746835 -0.054666213 -0.045958892 -0.034992449 0.996832440
1311867175.894608021 -0.645959489 -0.017257973 -0.025881126 -0.055526237 -0.047974181 -0.034452585 0.996708751
1311867175.928243160 -0.643109721 -0.018492209 -0.024889674 -0.055007271 -0.050855187 -0.035854812 0.996545224
1311867175.962936640 -0.643426782 -0.014474543 -0.022796567 -0.053958355 -0.051748476 -0.035704907 0.996561965
1311867175.998299837 -0.648975903 -0.018254732 -0.033634438 -0.054787182 -0.050949233 -0.036133285 0.996542486
1311867176.026851416 -0.656174817 -0.018958047 -0.024353056 -0.053097917 -0.050896137 -0.034936999 0.996679287
1311867176.062705517 -0.653545147 -0.018956108 -0.028267433 -0.050785256 -0.052490974 -0.034343094 0.996737732
1311867176.094659567 -0.652548336 -0.020226465 -0.034490381 -0.049905730 -0.053555801 -0.031480138 0.996820042
1311867176.126812696 -0.650942175 -0.019021707 -0.034777514 -0.049257889 -0.055303527 -0.028749368 0.996839332
1311867176.162589550 -0.660873089 -0.010723700 -0.028642723 -0.045846671 -0.053896565 -0.029380864 0.997060684
1311867176.194691658 -0.655798634 -0.016666849 -0.044890171 -0.046149122 -0.054381470 -0.030797779 0.996977638
1311867176.226535797 -0.658402664 -0.018270354 -0.044056028 -0.045339048 -0.052350923 -0.034375711 0.997006551
1311867176.262501717 -0.660356084 -0.018559863 -0.040246822 -0.043376564 -0.052131896 -0.035405127 0.997069314
1311867176.294611216 -0.655103439 -0.016912744 -0.042674251 -0.042579718 -0.053760913 -0.034790624 0.997038788
1311867176.326602221 -0.665488985 -0.016620730 -0.050383171 -0.043506650 -0.052922049 -0.034720321 0.997046101
1311867176.362455606 -0.670502090 -0.011323973 -0.051940046 -0.041753966 -0.054035609 -0.034340333 0.997074471
1311867176.395243883 -0.667506211 -0.013220921 -0.040088444 -0.042637988 -0.055883245 -0.033318318 0.996969887
1311867176.426836252 -0.661360484 -0.018383413 -0.045412943 -0.044512847 -0.057454911 -0.034524069 0.996757557
1311867176.462965727 -0.664170839 -0.020794500 -0.055272717 -0.044452857 -0.057159705 -0.035512855 0.996742469
1311867176.494580984 -0.663946958 -0.017885827 -0.049376133 -0.042852080 -0.057238233 -0.035730301 0.996800296
1311867176.526620626 -0.668404640 -0.014997209 -0.055344073 -0.043071256 -0.057340638 -0.034565383 0.996826039
1311867176.563638449 -0.665938678 -0.016954718 -0.049777908 -0.042984887 -0.059399820 -0.032644820 0.996773935
1311867176.594609261 -0.666945394 -0.016192873 -0.054799360 -0.041902351 -0.061993959 -0.032275278 0.996674093
1311867176.628383398 -0.673166250 -0.013308052 -0.072170105 -0.040622535 -0.062248326 -0.034043368 0.996652399
1311867176.662577868 -0.678629780 -0.013585288 -0.075260245 -0.040465510 -0.062793913 -0.036208060 0.996548264
1311867176.694517612 -0.682248505 -0.013361926 -0.071456700 -0.040011457 -0.062910845 -0.035589917 0.996581490
1311867176.726588964 -0.683201129 -0.014174523 -0.077084855 -0.040053416 -0.064130021 -0.035539154 0.996503905
1311867176.763232708 -0.687550283 -0.014947920 -0.075964038 -0.040205606 -0.065585984 -0.035081715 0.996419220
1311867176.794768333 -0.689425284 -0.015643818 -0.078848666 -0.040331730 -0.067359040 -0.035093343 0.996295422
1311867176.826677084 -0.680559518 -0.020345129 -0.067675889 -0.040397580 -0.070208763 -0.034821349 0.996105536
1311867176.862731457 -0.691992136 -0.015358293 -0.082511092 -0.039329342 -0.068224327 -0.036311872 0.996232951
1311867176.894955158 -0.703492622 -0.011998783 -0.064525781 -0.038622628 -0.067302826 -0.038255930 0.996250524
1311867176.926818371 -0.683298654 -0.038588122 -0.084616321 -0.044347803 -0.074777980 -0.041316282 0.995356464
1311867176.965060949 -0.694007153 -0.013600047 -0.074525104 -0.039362592 -0.072929489 -0.038325707 0.995822784
1311867176.994747877 -0.696237921 -0.016957069 -0.087706051 -0.040139486 -0.074499325 -0.040073073 0.995606760
1311867177.026728153 -0.700025144 -0.016697901 -0.077977354 -0.039267785 -0.074428526 -0.039134179 0.995684163
1311867177.062633753 -0.698179846 -0.021676772 -0.084070878 -0.040919049 -0.076353191 -0.039817749 0.995444809
1311867177.094685078 -0.697086618 -0.020577803 -0.077527039 -0.040790162 -0.077103150 -0.039341683 0.995411221
1311867177.126615286 -0.710168151 -0.013277125 -0.085034603 -0.038636403 -0.075645289 -0.040095187 0.995578924
1311867177.162729740 -0.712470022 -0.015743222 -0.084912758 -0.039460865 -0.077335036 -0.040713423 0.995391656
1311867177.194645643 -0.710206766 -0.017266366 -0.086879469 -0.040179387 -0.079157204 -0.040671499 0.995221374
1311867177.226472616 -0.717738083 -0.014855410 -0.091948844 -0.039183097 -0.078717386 -0.041769664 0.995250498
1311867177.263863564 -0.720593886 -0.022239533 -0.089284027 -0.041255284 -0.078744875 -0.043465138 0.995091970
1311867177.294618368 -0.730018357 -0.021724106 -0.087992249 -0.040830163 -0.078663993 -0.044587774 0.995066231
1311867177.327609062 -0.728305217 -0.021023421 -0.094232173 -0.040252626 -0.080059756 -0.044684394 0.994974103
1311867177.362771034 -0.730040915 -0.022091275 -0.093617889 -0.040898035 -0.080631325 -0.044397324 0.994914478
1311867177.394608974 -0.726030936 -0.022146622 -0.092601220 -0.040750057 -0.082804437 -0.044254844 0.994748394
1311867177.426747561 -0.738673401 -0.017080371 -0.094847314 -0.040418373 -0.082120582 -0.045345301 0.994769505
1311867177.462604046 -0.742963950 -0.018213151 -0.095247087 -0.041079884 -0.082640686 -0.045501746 0.994692189
1311867177.494643450 -0.742232998 -0.016346407 -0.097949026 -0.041090401 -0.083471384 -0.046360876 0.994582715
1311867177.527617216 -0.745365433 -0.014145208 -0.094087926 -0.041447997 -0.083363244 -0.045632591 0.994610627
1311867177.562640429 -0.749768263 -0.016635914 -0.094960647 -0.042880411 -0.084144689 -0.045826906 0.994475156
1311867177.594730377 -0.748000522 -0.018436506 -0.101797576 -0.042967269 -0.085998114 -0.045703282 0.994318535
1311867177.631145000 -0.754655521 -0.014733707 -0.101038535 -0.042486190 -0.085578460 -0.045891622 0.994366738
1311867177.662483215 -0.754792803 -0.018222428 -0.102833504 -0.043595453 -0.086338845 -0.044863910 0.994299889
1311867177.694561243 -0.758716030 -0.016099209 -0.103971072 -0.043023363 -0.086625725 -0.044891385 0.994298616
1311867177.730584383 -0.754056949 -0.015153458 -0.108513086 -0.043906581 -0.087968531 -0.044105437 0.994177278
1311867177.762537718 -0.759047853 -0.012829569 -0.103648441 -0.043621827 -0.086475458 -0.044396068 0.994307860
1311867177.794559240 -0.760168329 -0.012446088 -0.111064356 -0.043570392 -0.086475588 -0.044127774 0.994322047
1311867177.830914736 -0.764421809 -0.012286932 -0.109415160 -0.043505993 -0.086674212 -0.044192169 0.994304713
1311867177.862531662 -0.765835467 -0.014341562 -0.109848524 -0.043623990 -0.086760513 -0.043476523 0.994323565
1311867177.894691944 -0.768351392 -0.012786099 -0.113163311 -0.043768057 -0.086026515 -0.043510738 0.994379511
1311867177.931785822 -0.770530348 -0.011459814 -0.114862683 -0.043613170 -0.085890643 -0.043718162 0.994388964
1311867177.962791443 -0.770327296 -0.009020479 -0.112650011 -0.042530399 -0.085920590 -0.044078698 0.994417360
1311867177.994777203 -0.768840876 -0.008307353 -0.118692000 -0.042725664 -0.086474863 -0.042319505 0.994437366
1311867178.030610085 -0.777441048 -0.006818087 -0.114679773 -0.042481300 -0.086671059 -0.042617120 0.994418045
1311867178.063447714 -0.775227077 -0.007900572 -0.119827437 -0.042337310 -0.088792834 -0.042859972 0.994226537
1311867178.095113993 -0.776784124 -0.006847703 -0.121016595 -0.042705433 -0.088884980 -0.042230205 0.994229509
1311867178.130791426 -0.778446731 -0.011600067 -0.123696007 -0.042977587 -0.089680537 -0.042937164 0.994116054
1311867178.162747383 -0.778851919 -0.010294275 -0.135446386 -0.041471835 -0.091060190 -0.042759668 0.994062241
1311867178.195046425 -0.782660718 -0.007630517 -0.131968126 -0.041805715 -0.090908547 -0.042311978 0.994081292
1311867178.230718613 -0.790672387 -0.011285404 -0.122725521 -0.041956636 -0.092461179 -0.043111151 0.993897379
1311867178.262894154 -0.790128520 -0.006345898 -0.130266568 -0.040374732 -0.094609572 -0.041682704 0.993821645
1311867178.295490265 -0.792330811 -0.005652334 -0.132826059 -0.040984328 -0.095714196 -0.041553462 0.993696325
1311867178.330666780 -0.796994962 -0.009541425 -0.138847883 -0.041395637 -0.096901572 -0.041467135 0.993567795
1311867178.362722874 -0.795512755 -0.010955196 -0.137362675 -0.041743480 -0.099347364 -0.041444999 0.993312587
1311867178.394943953 -0.801761201 -0.011114056 -0.140383279 -0.041832904 -0.099763464 -0.042290689 0.993231472
1311867178.430657864 -0.809932091 -0.010236652 -0.143389449 -0.041654604 -0.099350527 -0.042812805 0.993257988
1311867178.462874413 -0.809386006 -0.008898006 -0.144188271 -0.042459917 -0.099988800 -0.044651959 0.993078848
1311867178.494644403 -0.812064459 -0.008865316 -0.148180492 -0.042068920 -0.100803692 -0.043006065 0.993085747
1311867178.530627251 -0.817332882 -0.008710679 -0.147363602 -0.042950903 -0.101353324 -0.043598230 0.992966222
1311867178.562642097 -0.816894665 -0.012609517 -0.148701274 -0.044789842 -0.103365945 -0.041467394 0.992768758
1311867178.594700098 -0.818733152 -0.010414239 -0.140088040 -0.044411628 -0.105321892 -0.041411464 0.992582489
1311867178.630690098 -0.819432407 -0.008602330 -0.142565828 -0.043749119 -0.105160373 -0.041610289 0.992620720
1311867178.662641048 -0.824742595 -0.006422654 -0.133544308 -0.043521033 -0.103370151 -0.044908614 0.992675046
1311867178.694612026 -0.828680115 -0.002842502 -0.133887822 -0.041753888 -0.102161503 -0.046719484 0.992792491
1311867178.730745316 -0.829699589 -0.004725083 -0.143981451 -0.042328313 -0.101645716 -0.046925992 0.992811369
1311867178.763234615 -0.823828636 -0.006660469 -0.138106219 -0.043314113 -0.102991326 -0.045290474 0.992706123
1311867178.800680161 -0.825537522 -0.005511611 -0.142270220 -0.042121885 -0.104054167 -0.043578093 0.992723238
1311867178.830950260 -0.832907402 -0.003376559 -0.147915535 -0.042351021 -0.101647086 -0.044541097 0.992920113
1311867178.862793684 -0.825230663 -0.012507666 -0.156713534 -0.044596635 -0.102051516 -0.041752149 0.992901499
1311867178.895016909 -0.829461515 -0.010210318 -0.150467862 -0.042328551 -0.100551767 -0.043485528 0.993079375
1311867178.930621386 -0.832738212 -0.008239736 -0.148886310 -0.040258535 -0.095182288 -0.048267878 0.993473600
1311867178.962760687 -0.832819474 -0.006439240 -0.144649952 -0.038641597 -0.090937420 -0.050267439 0.993836202
1311867178.994683504 -0.833449352 -0.003543123 -0.141627592 -0.036971618 -0.089774609 -0.048745641 0.994081225
1311867179.030916452 -0.839898442 -0.001931933 -0.151257925 -0.037493742 -0.090808953 -0.046598971 0.994070666
1311867179.062811613 -0.838868758 -0.009228803 -0.152386542 -0.039695471 -0.094015950 -0.043666965 0.993820138
1311867179.096811771 -0.836806020 -0.015607515 -0.155242045 -0.038496903 -0.094728614 -0.044449573 0.993764919
1311867179.131036758 -0.833347856 -0.011478366 -0.157954199 -0.035626745 -0.092209949 -0.046930598 0.993994758
1311867179.162753582 -0.838397416 -0.015557470 -0.155287333 -0.033676579 -0.088680890 -0.047177727 0.994372088
1311867179.195684910 -0.845605911 -0.008040976 -0.159031623 -0.029732442 -0.087354925 -0.050789064 0.994437313
1311867179.230746984 -0.845210856 -0.009702954 -0.171278578 -0.030700439 -0.088654865 -0.049086118 0.994378374
1311867179.263461113 -0.853226692 -0.003215753 -0.168008940 -0.029586420 -0.091075835 -0.046481382 0.994318519
1311867179.295920134 -0.854456847 -0.001377498 -0.172298263 -0.029123214 -0.095623010 -0.046296193 0.993913850
1311867179.330715418 -0.853274124 -0.002238475 -0.171621215 -0.030067477 -0.097291250 -0.046932335 0.993693975
1311867179.362929821 -0.857172718 -0.001332288 -0.173592430 -0.030027273 -0.096554215 -0.047711479 0.993729974
1311867179.394848585 -0.859919658 -0.001866433 -0.178153016 -0.029817905 -0.098372172 -0.046724558 0.993604863
1311867179.430803776 -0.860421244 0.001703746 -0.188770808 -0.030074479 -0.101623013 -0.044301915 0.993380908
1311867179.463745594 -0.862819613 0.001170538 -0.183547059 -0.032425115 -0.104061660 -0.042512250 0.993132666
1311867179.494946957 -0.864608158 0.003600799 -0.174487008 -0.032142707 -0.106190810 -0.042984878 0.992896096
1311867179.530780315 -0.860502201 0.003376829 -0.178865010 -0.033124351 -0.107457761 -0.043553133 0.992702741
1311867179.562761545 -0.864746283 0.002470573 -0.177201995 -0.033745349 -0.107214335 -0.045598193 0.992616312
1311867179.594674349 -0.867586447 0.006703799 -0.175259042 -0.033476159 -0.108276298 -0.046107592 0.992486614
1311867179.630690098 -0.872312878 0.005986986 -0.177697740 -0.035942708 -0.109634859 -0.045969774 0.992257577
1311867179.662575722 -0.873528406 0.004680657 -0.174319099 -0.036890640 -0.111964778 -0.045955896 0.991963217
1311867179.694605112 -0.870147656 0.006918044 -0.178837578 -0.036568965 -0.113332844 -0.046566747 0.991791266
1311867179.730947256 -0.869034477 0.006559148 -0.184483380 -0.037487284 -0.113644477 -0.046609394 0.991719316
1311867179.762726545 -0.876000040 0.007136297 -0.185269998 -0.036549972 -0.113297080 -0.047257008 0.991763402
1311867179.794891596 -0.872357424 0.010504645 -0.180099996 -0.036189949 -0.114826668 -0.046629181 0.991630397
1311867179.830753326 -0.873987603 0.006732041 -0.180005634 -0.039057860 -0.115301733 -0.046182560 0.991487350
1311867179.862797976 -0.878687727 0.007654943 -0.177444497 -0.038515191 -0.116499523 -0.044013842 0.991467207
1311867179.894803524 -0.879756577 0.008728449 -0.181953926 -0.037746921 -0.117698926 -0.044182906 0.991347570
1311867179.930905104 -0.878219698 0.008008934 -0.186294162 -0.038655320 -0.117130827 -0.045864485 0.991303478
1311867179.995888233 -0.883463539 0.011961645 -0.175794724 -0.036819699 -0.115998515 -0.047554336 0.991426870
1311867180.030977249 -0.884098702 0.013318416 -0.179689296 -0.038200374 -0.116564113 -0.047303524 0.991320289
1311867180.062647104 -0.881484195 0.013856310 -0.176961252 -0.039110468 -0.118128437 -0.044365562 0.991235462
1311867180.094772816 -0.879709376 0.006651523 -0.181817341 -0.041514518 -0.119408284 -0.045630438 0.990926874
1311867180.130772829 -0.876223011 0.012044752 -0.175133952 -0.040588510 -0.119365100 -0.044602548 0.991017234
1311867180.163680315 -0.877682749 0.011652352 -0.171138509 -0.039865219 -0.116462907 -0.045867834 0.991334100
1311867180.194908619 -0.874052315 0.008636956 -0.176430060 -0.039495419 -0.113912149 -0.047221342 0.991581706
1311867180.230814457 -0.874017814 0.011547237 -0.168800194 -0.038140974 -0.111276981 -0.047864290 0.991903075
1311867180.263761759 -0.873561005 0.010456362 -0.184228135 -0.038006655 -0.110257440 -0.047825707 0.992023938
1311867180.294754744 -0.872499770 0.010058307 -0.183381306 -0.038159426 -0.110869619 -0.048363672 0.991923758
1311867180.330866575 -0.874686453 0.012388805 -0.176661294 -0.038099987 -0.110426847 -0.049373463 0.991925685
1311867180.365819693 -0.871704576 0.012710705 -0.182264303 -0.037604760 -0.109333415 -0.051010319 0.991982880
1311867180.396166086 -0.871404757 0.010896711 -0.176675826 -0.037778266 -0.107057238 -0.053680394 0.992083649
1311867180.430915356 -0.870547935 0.011776648 -0.181596763 -0.037107417 -0.106316550 -0.054502490 0.992143795
1311867180.494755983 -0.872581858 0.011666913 -0.175908178 -0.037934323 -0.104960842 -0.055865077 0.992181083
1311867180.530888557 -0.865524085 0.011621069 -0.180909279 -0.037772645 -0.105271374 -0.056280359 0.992130882
1311867180.562950850 -0.864723914 0.010042980 -0.182969193 -0.038221637 -0.104643107 -0.057056962 0.992135792
1311867180.594690800 -0.862457307 0.011756666 -0.179642981 -0.038248926 -0.104416906 -0.057271882 0.992146189
1311867180.630812883 -0.860270523 0.009838265 -0.176608797 -0.038403876 -0.104743646 -0.057202771 0.992109749
1311867180.664090633 -0.855557184 0.014662780 -0.174933990 -0.037294466 -0.105339717 -0.055933626 0.992161326
1311867180.695759773 -0.855337038 0.012885578 -0.176220063 -0.037683999 -0.105555180 -0.055675180 0.992138244
1311867180.730973959 -0.852632166 0.009552017 -0.178514519 -0.039151941 -0.106421877 -0.056467010 0.991944044
1311867180.765037537 -0.858413730 0.013228466 -0.171924236 -0.038800005 -0.106152731 -0.057234456 0.991942727
1311867180.794928074 -0.854055839 0.010844985 -0.177996582 -0.039258572 -0.107706560 -0.057849028 0.991721509
1311867180.830924273 -0.856239664 0.012606251 -0.169714314 -0.039542975 -0.107120062 -0.059935297 0.991649840
1311867180.865253687 -0.853623291 0.013610469 -0.173660773 -0.038873836 -0.107622539 -0.058727531 0.991694152
1311867180.896646976 -0.851506051 0.012555881 -0.179325665 -0.038961963 -0.107413184 -0.060330983 0.991617137
1311867180.930605412 -0.852579411 0.015049194 -0.176477314 -0.038348986 -0.107362772 -0.060494177 0.991636549
1311867180.963183165 -0.849598018 0.017890484 -0.168827421 -0.038042893 -0.108346102 -0.060754036 0.991525495
1311867180.994818211 -0.847028778 0.015799451 -0.169366518 -0.039437788 -0.108895098 -0.059938561 0.991460482
1311867181.030830860 -0.844608200 0.016820270 -0.163981768 -0.039548738 -0.109722532 -0.058918597 0.991425974
1311867181.062782526 -0.843493410 0.016771280 -0.165581022 -0.039567720 -0.109512044 -0.060084684 0.991378504
1311867181.094871521 -0.838431970 0.015814450 -0.169571717 -0.040215910 -0.109706054 -0.059235357 0.991382083
1311867181.131191492 -0.829761347 0.011084485 -0.177334590 -0.041321158 -0.109752272 -0.058732545 0.991361432
1311867181.162904263 -0.834820284 0.012789052 -0.168828993 -0.040951665 -0.107988320 -0.059242628 0.991540113
1311867181.197251320 -0.831283934 0.015085426 -0.167602065 -0.040275538 -0.107849545 -0.057887238 0.991662959
1311867181.234246492 -0.825532727 0.013155073 -0.166788005 -0.040082161 -0.108968091 -0.056418157 0.991633182
1311867181.262935877 -0.823387785 0.012817983 -0.167824101 -0.040056471 -0.109525849 -0.056245877 0.991582558
1311867181.294808626 -0.822293053 0.015018500 -0.167366708 -0.040278967 -0.108984164 -0.056834017 0.991599693
1311867181.331698656 -0.818744012 0.011851305 -0.167035314 -0.040240388 -0.109157831 -0.057783764 0.991527264
1311867181.362671375 -0.816183280 0.012088545 -0.166587720 -0.041405010 -0.108493020 -0.059473612 0.991452359
1311867181.394822121 -0.816846996 0.010478760 -0.166221628 -0.042014281 -0.108186256 -0.058351607 0.991526916
1311867181.430894852 -0.814724711 0.015102574 -0.160590647 -0.041349369 -0.109091584 -0.057881429 0.991483230
1311867181.462830544 -0.810792895 0.013812651 -0.163401224 -0.042055618 -0.108703980 -0.055787944 0.991616093
1311867181.496339560 -0.807700250 0.012901045 -0.164383093 -0.042811637 -0.107172778 -0.055553212 0.991763581
1311867181.535911083 -0.806044352 0.010783537 -0.164334217 -0.043329973 -0.106834036 -0.054381439 0.991842559
1311867181.563213825 -0.802005370 0.011038316 -0.166225046 -0.042515792 -0.106817592 -0.054362561 0.991880598
1311867181.594861031 -0.800571534 0.009614510 -0.171307937 -0.042919608 -0.105891335 -0.053507759 0.992008998
1311867181.630984545 -0.797242513 0.012230060 -0.161875066 -0.043217006 -0.106391129 -0.052174064 0.992013652
1311867181.662857056 -0.796213162 0.011013559 -0.162100061 -0.042560174 -0.106671827 -0.051797475 0.992031640
1311867181.694922924 -0.787761550 0.007900861 -0.168555913 -0.042993386 -0.107074318 -0.051743990 0.991972388
1311867181.731082916 -0.789169266 0.005983849 -0.162523323 -0.043157952 -0.105468351 -0.050946316 0.992178558
1311867181.763476849 -0.787435573 0.007251736 -0.166429002 -0.041194546 -0.105294321 -0.052555656 0.992196562
1311867181.794897556 -0.780945015 0.007470071 -0.167627662 -0.041371567 -0.106097983 -0.050487660 0.992210969
1311867181.830801249 -0.781655804 0.004292495 -0.167122939 -0.041753298 -0.105803924 -0.049841107 0.992259067
1311867181.862798452 -0.779246523 0.006235921 -0.162463572 -0.040592968 -0.106699491 -0.049946943 0.992205993
1311867181.894929171 -0.775802181 0.003319415 -0.163385544 -0.040939647 -0.105451810 -0.049792694 0.992332882
1311867181.930798292 -0.776234503 0.003678867 -0.164087391 -0.039906172 -0.103696851 -0.049489935 0.992575038
1311867181.962918997 -0.766861512 0.005419596 -0.166458679 -0.039036425 -0.105148783 -0.047460403 0.992555994
1311867181.995550871 -0.765967300 0.004895228 -0.159154509 -0.039264131 -0.104855893 -0.045921689 0.992650376
1311867182.031939030 -0.766728062 0.005093925 -0.160526616 -0.038346374 -0.103938941 -0.045416779 0.992805907
1311867182.062899351 -0.764223687 0.005839340 -0.159728296 -0.037958980 -0.104980860 -0.043398959 0.992801423
1311867182.094883680 -0.760257655 0.004404256 -0.162564899 -0.038089177 -0.106598173 -0.041556491 0.992702927
1311867182.131453037 -0.760346160 0.003022966 -0.156398641 -0.038468934 -0.106524043 -0.042457820 0.992658100
1311867182.162991762 -0.756860145 0.005847050 -0.155363636 -0.037808446 -0.106406730 -0.042355235 0.992700440
1311867182.199441671 -0.752907548 0.001168766 -0.155129594 -0.038211462 -0.106420971 -0.042419539 0.992680736
1311867182.230774641 -0.750645261 0.002021940 -0.155745124 -0.037354340 -0.105623945 -0.043001684 0.992773434
1311867182.262912035 -0.749729452 0.001499369 -0.152625397 -0.037302779 -0.104212430 -0.044058066 0.992878220
1311867182.297303915 -0.746451384 -0.003366290 -0.157765681 -0.037271261 -0.103717887 -0.043937028 0.992936549
1311867182.330845594 -0.745016144 -0.001826378 -0.154596148 -0.036562601 -0.103381578 -0.044758817 0.992961265
1311867182.362967253 -0.744044386 -0.003519820 -0.151916113 -0.036419753 -0.102751887 -0.045049157 0.993018743
1311867182.399027824 -0.742257869 -0.004261134 -0.150964516 -0.036184711 -0.101479348 -0.044742128 0.993172065
1311867182.430811644 -0.741032628 -0.007222454 -0.151967740 -0.035384590 -0.101091227 -0.045288534 0.993215708
1311867182.462943554 -0.739495515 -0.007734590 -0.151971266 -0.034587805 -0.100257168 -0.046340324 0.993279799
1311867182.496952534 -0.732324858 -0.012459256 -0.152950235 -0.033488512 -0.099046156 -0.046895137 0.993412918
1311867182.562969923 -0.727495352 -0.013732201 -0.158873060 -0.029668772 -0.095401578 -0.048736119 0.993802341
1311867182.603636980 -0.723799082 -0.015428276 -0.158295263 -0.029090736 -0.093636950 -0.048251251 0.994010899
1311867182.630844593 -0.723359425 -0.012147370 -0.156207127 -0.027220147 -0.092211189 -0.047868213 0.994215668
1311867182.663572311 -0.718934652 -0.015243175 -0.159086518 -0.027600747 -0.092483865 -0.046995437 0.994221486
1311867182.696991444 -0.716428010 -0.017424453 -0.159257081 -0.027517042 -0.090916691 -0.046869727 0.994374274
1311867182.733050108 -0.713493747 -0.020732480 -0.160921234 -0.026962180 -0.089226045 -0.047858572 0.994495506
1311867182.763106585 -0.708372338 -0.019380154 -0.162229458 -0.026398342 -0.088523558 -0.048457675 0.994544399
1311867182.797043562 -0.707113578 -0.021454303 -0.160209608 -0.026320794 -0.086390703 -0.049492943 0.994683020
1311867182.830689430 -0.703498074 -0.017973922 -0.165599935 -0.025001125 -0.085899817 -0.049155777 0.994776294
1311867182.864090681 -0.700014853 -0.017980058 -0.162139997 -0.025071259 -0.086226781 -0.048263477 0.994789933
1311867182.896984816 -0.697583865 -0.018389830 -0.159924742 -0.025627929 -0.086789215 -0.046641287 0.994804218
1311867182.931887388 -0.694393398 -0.017207092 -0.160529469 -0.026794222 -0.087234795 -0.046472945 0.994742392
1311867182.963055611 -0.692004745 -0.020942529 -0.161756931 -0.028783622 -0.086945344 -0.046704903 0.994701293
1311867182.998350143 -0.689431385 -0.021729693 -0.160168511 -0.029283004 -0.086335511 -0.046423963 0.994752985
1311867183.030883074 -0.687377116 -0.020845034 -0.159472225 -0.028982769 -0.085939520 -0.046474440 0.994793709
1311867183.062860250 -0.685790777 -0.020773207 -0.157893616 -0.029814900 -0.085144287 -0.047265751 0.994800217
1311867183.100039959 -0.684579654 -0.023938231 -0.157501040 -0.030021295 -0.084644195 -0.046949476 0.994851662
1311867183.134468317 -0.678971504 -0.021646913 -0.160171569 -0.029486451 -0.084972373 -0.046510237 0.994860313
1311867183.167324066 -0.676650786 -0.021094270 -0.160112653 -0.030534939 -0.085064963 -0.047097466 0.994793143
1311867183.200473309 -0.675701519 -0.022487737 -0.155046260 -0.031001880 -0.085351229 -0.046984338 0.994759530
1311867183.231127501 -0.672854834 -0.021648002 -0.154993358 -0.030438228 -0.084930801 -0.047516473 0.994787645
1311867183.263323545 -0.673466947 -0.022345469 -0.152926703 -0.031202421 -0.084451453 -0.048389331 0.994762702
1311867183.299096823 -0.669254437 -0.027988251 -0.153275341 -0.030892103 -0.085042202 -0.049449931 0.994669898
1311867183.332091808 -0.670550080 -0.025585372 -0.154114325 -0.029784567 -0.084065502 -0.051473145 0.994684064
1311867183.369523525 -0.664985679 -0.026891991 -0.154515935 -0.030087012 -0.084402810 -0.051534721 0.994643207
1311867183.398545980 -0.663843620 -0.031761410 -0.147922193 -0.029498288 -0.084183121 -0.052490762 0.994629465
1311867183.431155443 -0.660924420 -0.025556983 -0.151697869 -0.027720150 -0.084104751 -0.052557355 0.994683723
1311867183.466738462 -0.656709149 -0.029136498 -0.154607445 -0.029324373 -0.083633028 -0.052913422 0.994658619
1311867183.498827934 -0.653767481 -0.030731886 -0.150634322 -0.029420693 -0.082923212 -0.053418838 0.994688188
1311867183.532172203 -0.653736107 -0.030036127 -0.151437955 -0.028646507 -0.082365360 -0.053638635 0.994745305
1311867183.566150904 -0.649076031 -0.029766268 -0.153378383 -0.029393682 -0.081421329 -0.054140300 0.994774048
1311867183.598534822 -0.651592744 -0.032224647 -0.148828786 -0.029731797 -0.079539271 -0.055048172 0.994866435
1311867183.631088495 -0.645711794 -0.030971606 -0.148182925 -0.029318867 -0.080430443 -0.054044110 0.994862092
1311867183.664878607 -0.639418134 -0.034405006 -0.149337911 -0.030624901 -0.081001325 -0.054075221 0.994774734
1311867183.699352980 -0.641352947 -0.035598470 -0.148992908 -0.030372175 -0.079174780 -0.054873327 0.994885824
1311867183.730893373 -0.636374859 -0.034966479 -0.148002028 -0.030219695 -0.079487619 -0.053987653 0.994913977
1311867183.767624378 -0.631801588 -0.037015840 -0.148938824 -0.030862360 -0.078800399 -0.054687198 0.994910711
1311867183.797176361 -0.631577582 -0.038933918 -0.146958778 -0.031005367 -0.077667940 -0.055129215 0.994970918
1311867183.830906630 -0.629474774 -0.037086508 -0.139049359 -0.030546984 -0.077386418 -0.054576262 0.995037515
1311867183.865498543 -0.627838546 -0.039317638 -0.140822084 -0.030350794 -0.076649595 -0.054896768 0.995082918
1311867183.897086143 -0.625882368 -0.038632169 -0.139943844 -0.029559732 -0.076524279 -0.055231068 0.995097878
1311867183.931482553 -0.624923533 -0.039713222 -0.141358079 -0.029893434 -0.075829149 -0.055188068 0.995143507
1311867183.965821028 -0.618871590 -0.043254411 -0.141238852 -0.029953548 -0.076104507 -0.055584929 0.995098590
1311867183.996668100 -0.621588473 -0.040625388 -0.135893038 -0.029112423 -0.074918475 -0.056406573 0.995167316
1311867184.030968904 -0.621303091 -0.039609863 -0.134000292 -0.029044908 -0.074197354 -0.056713097 0.995205894
1311867184.064722538 -0.619941610 -0.044712626 -0.137804630 -0.029730364 -0.074069116 -0.056665473 0.995197918
1311867184.096811295 -0.614489520 -0.044671276 -0.137871703 -0.029443587 -0.075235501 -0.055691880 0.995173909
1311867184.131226063 -0.612636126 -0.042875716 -0.132857233 -0.029523656 -0.074918990 -0.056370413 0.995157211
1311867184.165053844 -0.610884491 -0.046631066 -0.135446431 -0.029850510 -0.074832991 -0.056458868 0.995148917
1311867184.196945906 -0.605121797 -0.042782089 -0.131555266 -0.029210136 -0.074956184 -0.056043489 0.995182127
1311867184.230936289 -0.602527428 -0.046815162 -0.132985482 -0.031009193 -0.073994556 -0.056616837 0.995167207
1311867184.268101931 -0.602914800 -0.050858976 -0.133901561 -0.030876432 -0.073368561 -0.056399104 0.995230044
1311867184.298370123 -0.595483268 -0.047356315 -0.136488784 -0.030200604 -0.073778312 -0.055788155 0.995254925
1311867184.331470490 -0.593601909 -0.048092754 -0.133045793 -0.031481807 -0.072422897 -0.056452793 0.995277299
1311867184.369762659 -0.594569660 -0.048882007 -0.124929931 -0.031222240 -0.071863402 -0.055854308 0.995359794
1311867184.400006056 -0.589818458 -0.044151874 -0.129434627 -0.030810832 -0.073253511 -0.054120098 0.995367083
1311867184.431061029 -0.584355851 -0.046266935 -0.128003338 -0.033144139 -0.072751587 -0.053506782 0.995362093
1311867184.465573549 -0.583659842 -0.047735917 -0.127846737 -0.033194583 -0.072325586 -0.053637416 0.995384427
1311867184.503767252 -0.578483236 -0.051411745 -0.131519183 -0.032203946 -0.072736444 -0.054302163 0.995350989
1311867184.531087637 -0.572437116 -0.048372934 -0.134629200 -0.031316912 -0.071211327 -0.055186967 0.995440906
1311867184.568279743 -0.570362139 -0.053725624 -0.135454332 -0.032590655 -0.069723734 -0.055981773 0.995460944
1311867184.597992659 -0.572149652 -0.053501032 -0.132011223 -0.031315025 -0.068812665 -0.057071935 0.995503380
1311867184.635545254 -0.563461305 -0.054056719 -0.137294884 -0.031569938 -0.069377620 -0.056738331 0.995475186
1311867184.666243553 -0.564211121 -0.057620032 -0.131940117 -0.031900881 -0.068660911 -0.056876809 0.995506425
1311867184.699477196 -0.559145928 -0.059923805 -0.131679144 -0.030740769 -0.068157242 -0.057019437 0.995569374
1311867184.735908508 -0.550921161 -0.058884527 -0.134970231 -0.030312197 -0.068449464 -0.056347109 0.995600746
1311867184.769022226 -0.550165783 -0.063728909 -0.132372415 -0.030470498 -0.068235525 -0.056543221 0.995599481
1311867184.799533844 -0.546943545 -0.062436186 -0.130289554 -0.029395072 -0.067418532 -0.057067674 0.995657548
1311867184.834825277 -0.541777351 -0.063268619 -0.129037993 -0.029776775 -0.066695537 -0.057772603 0.995654245
1311867184.868573904 -0.541361705 -0.066029340 -0.133697337 -0.030106666 -0.065353494 -0.058526793 0.995689271
1311867184.905520916 -0.537020354 -0.067496978 -0.130084563 -0.030156673 -0.065139718 -0.058932051 0.995677862
1311867184.933218241 -0.530985562 -0.065964854 -0.126611375 -0.030620170 -0.064775118 -0.058320685 0.995723499
1311867184.965626717 -0.530357161 -0.071009898 -0.124155545 -0.031533020 -0.063709493 -0.058985853 0.995724580
1311867184.998315334 -0.529294303 -0.067625676 -0.118051141 -0.030326568 -0.063235229 -0.058570911 0.995816777
1311867185.036045313 -0.521801947 -0.069892558 -0.114772663 -0.031035584 -0.063532620 -0.057638622 0.995830401
1311867185.065223217 -0.509586955 -0.080299371 -0.122160891 -0.031381596 -0.063676116 -0.056754215 0.995861188
1311867185.099108696 -0.512824136 -0.074468280 -0.114981982 -0.030021107 -0.062401059 -0.056324087 0.996008252
1311867185.136065483 -0.507839545 -0.074205873 -0.108950319 -0.030752939 -0.063066853 -0.055184425 0.996007785
1311867185.164813757 -0.509767601 -0.073742861 -0.104473079 -0.030615453 -0.061939289 -0.056081947 0.996032647
1311867185.200007915 -0.494340382 -0.077360226 -0.103235925 -0.031147093 -0.063539934 -0.053796439 0.996041404
1311867185.234264374 -0.490793922 -0.081167131 -0.105889733 -0.033015174 -0.062290546 -0.053758589 0.996062197
1311867185.266331911 -0.497390392 -0.082126218 -0.096066230 -0.032676138 -0.060572754 -0.053843243 0.996174742
1311867185.297013283 -0.485186798 -0.080768969 -0.099608165 -0.032119353 -0.061939851 -0.052433493 0.996183984
1311867185.335984707 -0.487572574 -0.078876013 -0.092261217 -0.032513961 -0.060108591 -0.051870001 0.996312854
1311867185.368163586 -0.479676839 -0.087519691 -0.097466517 -0.033474726 -0.061133813 -0.050761851 0.996275732
1311867185.403637171 -0.474687478 -0.089664930 -0.097788072 -0.033396639 -0.061544384 -0.051075194 0.996237059
1311867185.437321663 -0.476020414 -0.078398223 -0.087768891 -0.032328852 -0.060285545 -0.050902548 0.996358083
1311867185.465496778 -0.466330142 -0.091679153 -0.094469004 -0.034594349 -0.060319291 -0.051474578 0.996250562
1311867185.500622511 -0.467373682 -0.084128290 -0.091223159 -0.031516683 -0.058929868 -0.050954410 0.996462552
1311867185.533624411 -0.455012843 -0.087022884 -0.089368177 -0.032568397 -0.060203604 -0.050077909 0.996397024
1311867185.566668749 -0.455387255 -0.090461934 -0.085496748 -0.033230190 -0.058549040 -0.050683067 0.996443170
1311867185.596975088 -0.456358225 -0.088135331 -0.082286806 -0.031574795 -0.056915309 -0.050525870 0.996599627
1311867185.632940054 -0.449164775 -0.085002543 -0.082127939 -0.030925651 -0.055980135 -0.050265557 0.996686110
1311867185.666407585 -0.448206470 -0.091627628 -0.081345455 -0.032326979 -0.053670701 -0.051306526 0.996715638
1311867185.697332382 -0.442510764 -0.091555542 -0.076975095 -0.031876621 -0.052950929 -0.051769040 0.996744725
1311867185.735179424 -0.435041613 -0.091124971 -0.084661447 -0.032627011 -0.052996011 -0.051136746 0.996750688
1311867185.764971256 -0.439133495 -0.095785903 -0.075314591 -0.034728267 -0.051324394 -0.052267134 0.996708533
1311867185.798952103 -0.438673486 -0.092136789 -0.070392030 -0.033487503 -0.049805995 -0.052717475 0.996804303
1311867185.832792282 -0.428937099 -0.098505623 -0.078993752 -0.034988197 -0.050941263 -0.053802025 0.996637424
1311867185.864903927 -0.455794871 -0.092407325 -0.063558535 -0.034853061 -0.044522828 -0.054644135 0.996903707
1311867185.895172834 -0.429031540 -0.100457145 -0.071737799 -0.035592562 -0.050223026 -0.054165872 0.996632769
1311867185.935978413 -0.430724660 -0.100940147 -0.070565329 -0.037427065 -0.051113207 -0.056043261 0.996416483
1311867185.965051174 -0.414708315 -0.109060563 -0.074010094 -0.038842672 -0.054480216 -0.056511450 0.996157422
1311867185.995230913 -0.416459293 -0.108409594 -0.074738251 -0.038286531 -0.052772109 -0.057513415 0.996213558
1311867186.035964489 -0.415398751 -0.102587843 -0.071274459 -0.038443497 -0.053560186 -0.058906683 0.996084036
1311867186.065304756 -0.415489496 -0.107067431 -0.067494512 -0.040360517 -0.053700820 -0.060563287 0.995901270
1311867186.095284224 -0.411180204 -0.110077770 -0.065369218 -0.040433072 -0.055303353 -0.059502292 0.995874582
1311867186.136101961 -0.402277013 -0.110637965 -0.068430572 -0.041233425 -0.057135491 -0.059290691 0.995750950
1311867186.164935827 -0.401535520 -0.116203810 -0.068180187 -0.042060087 -0.057349178 -0.059444172 0.995694939
1311867186.195187569 -0.402775197 -0.113525277 -0.066841065 -0.041375466 -0.057204371 -0.059668627 0.995718527
1311867186.235893250 -0.395714580 -0.114893867 -0.065826118 -0.042366793 -0.057704027 -0.060266036 0.995612025
1311867186.267489910 -0.398786520 -0.123471628 -0.064786233 -0.044103172 -0.056341920 -0.061751180 0.995523626
1311867186.295199156 -0.394420620 -0.119658977 -0.063131312 -0.043036436 -0.056345863 -0.061300047 0.995597968
1311867186.334915638 -0.389107794 -0.119991499 -0.063384779 -0.044989400 -0.055983721 -0.062442132 0.995461078
1311867186.366963625 -0.383954711 -0.124009600 -0.063334981 -0.045284820 -0.055459007 -0.064061519 0.995374153
1311867186.395130634 -0.387523966 -0.122208668 -0.062332767 -0.044624945 -0.054782736 -0.064781327 0.995394819
1311867186.436010122 -0.378786646 -0.123405856 -0.064473672 -0.046870731 -0.056010837 -0.064204630 0.995260612
1311867186.465948105 -0.383059534 -0.126453825 -0.052378625 -0.048389219 -0.055012321 -0.065980733 0.995127465
1311867186.495213747 -0.381294407 -0.121482380 -0.053717677 -0.047139138 -0.054659817 -0.067479980 0.995106355
1311867186.536273956 -0.369751802 -0.122415084 -0.054659119 -0.049190643 -0.056569637 -0.066222546 0.994984789
1311867186.565106869 -0.373641879 -0.125419600 -0.051148824 -0.050665303 -0.054480681 -0.066407609 0.995015031
1311867186.595160007 -0.379419150 -0.124740283 -0.048907185 -0.049930987 -0.053711607 -0.067856215 0.994996228
1311867186.636236191 -0.363352063 -0.128416004 -0.054073265 -0.050314076 -0.055635668 -0.066778584 0.994944112
1311867186.665013790 -0.373016867 -0.120780651 -0.050253197 -0.049963278 -0.052360315 -0.067724558 0.995075601
1311867186.704364538 -0.472840482 -0.068085338 -0.026577748 -0.040008805 -0.028390003 -0.064159944 0.996733066
1311867186.733751774 -0.477941729 -0.056381734 -0.026313758 -0.038866238 -0.025145840 -0.061276490 0.997046786
1311867186.767288208 -0.496512284 -0.049063637 -0.019787619 -0.039562118 -0.019555660 -0.061128774 0.997153794
1311867186.804720402 -0.468550177 -0.064942109 -0.034740670 -0.041714557 -0.025389814 -0.061303385 0.996923843
1311867186.834067822 -0.463269634 -0.062543493 -0.035369884 -0.042019361 -0.025079796 -0.059119499 0.997050782
1311867186.869099855 -0.498578637 -0.054526840 -0.023191699 -0.043066178 -0.014276369 -0.058334072 0.997265574
1311867186.905186892 -0.494444273 -0.050314838 -0.023479684 -0.042728973 -0.013541328 -0.055393736 0.997457970
1311867186.933418274 -0.487151336 -0.054301909 -0.025830726 -0.044065193 -0.013204871 -0.052690697 0.997550791
1311867186.965692759 -0.464453455 -0.056780682 -0.032680199 -0.045785328 -0.015783015 -0.049719430 0.997588381
1311867187.001704693 -0.482482896 -0.056708330 -0.026499553 -0.046827761 -0.008142038 -0.049199003 0.997657419
1311867187.033640385 -0.468856308 -0.054290110 -0.036750649 -0.045952879 -0.008095612 -0.046392403 0.997832921
1311867187.063280106 -0.434977869 -0.070598415 -0.050267529 -0.051247968 -0.013329212 -0.046535405 0.997512122
1311867187.101595402 -0.435200643 -0.066219384 -0.044800838 -0.052495172 -0.010180279 -0.045746925 0.997520846
1311867187.133978605 -0.440705626 -0.064839513 -0.038981276 -0.051478056 -0.005802659 -0.045548385 0.997618005
1311867187.163261652 -0.430709944 -0.064929824 -0.050663704 -0.051698269 -0.005365316 -0.045273447 0.997621580
1311867187.204122305 -0.416679184 -0.067532522 -0.050700075 -0.055068089 -0.006941354 -0.043795621 0.997497502
1311867187.233159065 -0.412386676 -0.079279763 -0.055795192 -0.057875090 -0.006285081 -0.045470071 0.997267990
1311867187.263350248 -0.409794440 -0.066153089 -0.059135700 -0.056138877 -0.006813045 -0.044153397 0.997422923
1311867187.301486492 -0.422151870 -0.063344379 -0.051254439 -0.057493286 -0.004599784 -0.046300928 0.997261043
1311867187.333649158 -0.419736097 -0.071276367 -0.054103046 -0.059548275 -0.005926312 -0.047528117 0.997075704
1311867187.363170862 -0.410463087 -0.077331091 -0.055719943 -0.061489516 -0.008498505 -0.050492092 0.996793541
1311867187.403345108 -0.423353145 -0.072574268 -0.059281293 -0.061677958 -0.006046633 -0.050854473 0.996781365
1311867187.433579683 -0.394066853 -0.079233284 -0.069204179 -0.063200935 -0.013741283 -0.052170616 0.996541542
1311867187.463189840 -0.387323639 -0.079848166 -0.068968986 -0.064447739 -0.015395865 -0.053827862 0.996349345
1311867187.505625963 -0.385159982 -0.086137361 -0.069905964 -0.066502404 -0.014427612 -0.056467683 0.996082665
1311867187.534188509 -0.394649082 -0.081488333 -0.070792117 -0.065497661 -0.011166517 -0.056542070 0.996186910
1311867187.563216925 -0.382442433 -0.091241032 -0.069202667 -0.067800362 -0.013069063 -0.057965708 0.995927852
1311867187.604561090 -0.380780825 -0.096397529 -0.077744921 -0.068825019 -0.012080479 -0.058868987 0.995817062
1311867187.635391712 -0.379901683 -0.103930705 -0.082029579 -0.069977889 -0.011358893 -0.060565178 0.995643475
1311867187.663269520 -0.342836334 -0.104659885 -0.091916402 -0.069617041 -0.018273891 -0.060982380 0.995540397
1311867187.703564644 -0.343810730 -0.116809461 -0.095571754 -0.073855464 -0.017929692 -0.062771944 0.995129931
1311867187.734538794 -0.344740739 -0.122480681 -0.090575700 -0.073031741 -0.019089856 -0.064533961 0.995056436
1311867187.763190269 -0.325914513 -0.111318563 -0.102879540 -0.070058846 -0.022883516 -0.063262240 0.995271818
1311867187.801705122 -0.316454029 -0.116491322 -0.103347682 -0.072278040 -0.025139119 -0.065360704 0.994923056
1311867187.833949327 -0.288974140 -0.119425322 -0.106540428 -0.071948048 -0.031351080 -0.065519962 0.994760133
1311867187.863411188 -0.326670874 -0.112519982 -0.101619139 -0.071860643 -0.023748863 -0.066965429 0.994880732
1311867187.903871298 -0.293249399 -0.116630578 -0.110450398 -0.073088876 -0.031019360 -0.067406657 0.994561289
1311867187.933220625 -0.276567541 -0.125755068 -0.115391308 -0.076401286 -0.034293595 -0.066549008 0.994262552
1311867187.963534355 -0.281431510 -0.141900840 -0.115235839 -0.079007434 -0.033318281 -0.068016502 0.993992693
1311867188.004741907 -0.253856405 -0.139104740 -0.128196634 -0.076733445 -0.037376688 -0.070184027 0.993875829
1311867188.033303499 -0.238554653 -0.145453350 -0.133539923 -0.078890425 -0.039136820 -0.069528749 0.993685244
1311867188.063418150 -0.262025011 -0.149970933 -0.124756877 -0.077758489 -0.033830470 -0.071602142 0.993822041
1311867188.108880043 -0.242329760 -0.139211413 -0.137242669 -0.072841833 -0.036693753 -0.068975169 0.994278664
1311867188.135989666 -0.210129998 -0.167361116 -0.139619649 -0.077489186 -0.042744461 -0.071549000 0.993503436
1311867188.163359404 -0.218613390 -0.133087133 -0.145128327 -0.068682952 -0.039224078 -0.070199631 0.994392345
1311867188.202654362 -0.201075103 -0.161470573 -0.144859194 -0.070898195 -0.043040466 -0.074612129 0.993757513
1311867188.235201120 -0.206093524 -0.190002251 -0.149323135 -0.074600179 -0.041879467 -0.076230855 0.993413197
1311867188.263271570 -0.232652699 -0.191017256 -0.147292244 -0.073920152 -0.035595903 -0.075542507 0.993761577
1311867188.304719210 -0.179807322 -0.120104901 -0.164508716 -0.055758344 -0.044306896 -0.073048092 0.994782329
1311867188.331453085 -0.186939657 -0.117610134 -0.165908240 -0.053318590 -0.041842832 -0.070952283 0.995174396
1311867188.363382101 -0.149117053 -0.168920921 -0.168570407 -0.062907181 -0.049999686 -0.073212023 0.994073799
1311867188.402042866 -0.208299700 -0.173991853 -0.160298943 -0.065037573 -0.037777411 -0.071674656 0.994588219
1311867188.431384802 -0.185634787 -0.199861790 -0.160380223 -0.067474117 -0.041828073 -0.075099731 0.994010909
1311867188.463246584 -0.194187573 -0.134545292 -0.153871127 -0.054054619 -0.038065660 -0.068415392 0.995463931
1311867188.504901171 -0.164040636 -0.112214682 -0.145429097 -0.051088024 -0.044315012 -0.061932285 0.995786416
1311867188.531434774 -0.056140485 -0.156408271 -0.195535079 -0.057197488 -0.061928393 -0.069583179 0.994007798
1311867188.563331842 -0.057113759 -0.166915356 -0.195844410 -0.059919186 -0.059819159 -0.068457347 0.994054803
1311867188.604580164 -0.053709164 -0.169387988 -0.192439956 -0.062077831 -0.058708867 -0.069320576 0.993928704
1311867188.631500006 -0.033481500 -0.173370853 -0.198175942 -0.061559767 -0.061068274 -0.067413817 0.993949917
1311867188.663336754 -0.003168624 -0.162904158 -0.203188756 -0.058747006 -0.064467437 -0.067324337 0.993911552
1311867188.703814030 -0.010146508 -0.203465952 -0.196981182 -0.065142629 -0.060855417 -0.069463037 0.993593449
1311867188.731584787 -0.001834175 -0.183683048 -0.205135706 -0.058362265 -0.058298607 -0.068972283 0.994202164
1311867188.763294458 0.021861191 -0.200574086 -0.210361137 -0.058869223 -0.058913989 -0.067165378 0.994259709
1311867188.804516077 0.059354510 -0.183489506 -0.220512504 -0.054887466 -0.060502486 -0.066482527 0.994437976
1311867188.831350088 0.040163276 -0.171403533 -0.225788737 -0.050618500 -0.051546080 -0.065405301 0.995240130
1311867188.863543987 0.095320686 -0.181122933 -0.226233914 -0.049652870 -0.057560969 -0.063435335 0.995086572
1311867188.901620388 0.071853076 -0.160268519 -0.216358744 -0.045279219 -0.050422694 -0.059291354 0.995937689
1311867188.931464672 0.091270292 -0.199262227 -0.228019886 -0.051128601 -0.050514954 -0.060354018 0.995586007
1311867188.963443756 0.108161092 -0.197880045 -0.230968764 -0.047793002 -0.051988301 -0.057788821 0.995828046
1311867189.005215645 0.125204774 -0.200182028 -0.236867430 -0.047362464 -0.053348344 -0.056132049 0.995871450
1311867189.031438351 0.144840356 -0.208485897 -0.232707375 -0.047824274 -0.054168275 -0.054971146 0.995869876
1311867189.063538790 0.161101120 -0.207932731 -0.230866036 -0.045930652 -0.054337219 -0.054409675 0.995980637
1311867189.102629185 0.184792562 -0.209421843 -0.226212785 -0.045176261 -0.056942649 -0.054748333 0.995851023
1311867189.131311893 0.161652642 -0.226798728 -0.237087043 -0.048681959 -0.049926584 -0.057144669 0.995927653
1311867189.163420439 0.201070028 -0.222092304 -0.230341987 -0.046957945 -0.055729885 -0.055953311 0.995770234
1311867189.201889515 0.207655237 -0.229208833 -0.227084590 -0.047836511 -0.055899935 -0.056735053 0.995674645
1311867189.231284618 0.256748784 -0.226560430 -0.225951223 -0.046622982 -0.062976371 -0.057887696 0.995243331
1311867189.263345480 0.196476493 -0.215711448 -0.232002193 -0.044263063 -0.051180496 -0.056124414 0.996128199
1311867189.304679155 0.271446702 -0.234779018 -0.223259004 -0.047059030 -0.065448715 -0.056642699 0.995134925
1311867189.331405163 0.254444590 -0.233383502 -0.222655235 -0.045477982 -0.062409402 -0.057551370 0.995351526
1311867189.363334656 0.261136463 -0.235052460 -0.220501709 -0.044409902 -0.063981718 -0.056636198 0.995352421
1311867189.405684471 0.289401574 -0.239682902 -0.218924637 -0.045205043 -0.068818725 -0.056295267 0.995013231
1311867189.431457758 0.291864159 -0.269905687 -0.221886228 -0.050870254 -0.069296910 -0.057071053 0.994662280
1311867189.463454008 0.292720258 -0.261501464 -0.217090579 -0.047593043 -0.068283067 -0.057466389 0.994871820
1311867189.505937099 0.311319886 -0.261562462 -0.218994426 -0.047282839 -0.070500674 -0.057526597 0.994728445
1311867189.531416655 0.330747515 -0.264558657 -0.214736753 -0.047743882 -0.073829540 -0.058229118 0.994423999
1311867189.563318729 0.327054691 -0.304047211 -0.227808855 -0.051792255 -0.072459163 -0.061265201 0.994139732
1311867189.599369526 0.380429062 -0.274880200 -0.215347487 -0.045798589 -0.081453278 -0.059823309 0.993825450
1311867189.631378174 0.380822254 -0.275422356 -0.199681367 -0.045730079 -0.080756513 -0.060795730 0.993826456
1311867189.663468838 0.429833876 -0.280349191 -0.193122344 -0.047066070 -0.087600364 -0.061558071 0.993137234
1311867189.699783564 0.448048906 -0.279624414 -0.197998818 -0.047033202 -0.088768141 -0.063489085 0.992913506
1311867189.731457949 0.443401353 -0.276180949 -0.194285415 -0.048508572 -0.087080124 -0.063068499 0.993018799
1311867189.763360500 0.487970250 -0.287140327 -0.183794034 -0.052729786 -0.093359010 -0.064255804 0.992156669
1311867189.799485922 0.473245832 -0.287984054 -0.184203800 -0.054892118 -0.088680184 -0.064071695 0.992480478
1311867189.831365824 0.514192563 -0.282507270 -0.176192265 -0.054553732 -0.094839794 -0.065428844 0.991840900
1311867189.863410473 0.528794229 -0.301372351 -0.167700319 -0.060380693 -0.096348128 -0.066302738 0.991299731
1311867189.899521112 0.517548400 -0.312949447 -0.172938204 -0.062803524 -0.093469109 -0.066851160 0.991387999
1311867189.931364059 0.574181826 -0.309184303 -0.160773726 -0.061322421 -0.103097901 -0.067681904 0.990469355
1311867189.963340282 0.588270001 -0.296897082 -0.155650414 -0.059487268 -0.104809848 -0.067824415 0.990391846
1311867189.999433517 0.586917937 -0.315797802 -0.162795202 -0.063010658 -0.103384182 -0.067925792 0.990316846
1311867190.031515598 0.602039568 -0.304354301 -0.148923763 -0.060047303 -0.105255512 -0.067874605 0.990307345
1311867190.063453913 0.600976935 -0.312704113 -0.152189546 -0.061769314 -0.103978722 -0.067965123 0.990330106
1311867190.099590063 0.617927767 -0.330214538 -0.150985398 -0.062613538 -0.106338780 -0.068569823 0.989984741
1311867190.131421804 0.641273539 -0.317369342 -0.140792446 -0.057868175 -0.109509815 -0.068020132 0.989965725
1311867190.163525105 0.650140338 -0.331277041 -0.139314246 -0.059359455 -0.110038735 -0.068845243 0.989761721
1311867190.199492455 0.656625693 -0.334717070 -0.131518596 -0.056781842 -0.111287386 -0.068359112 0.989807038
1311867190.231389284 0.674278435 -0.332527157 -0.133676551 -0.053937124 -0.113416468 -0.067810107 0.989762235
1311867190.263380766 0.673655502 -0.329684409 -0.137695615 -0.052709772 -0.112097171 -0.068761901 0.989912979
1311867190.299376011 0.679215208 -0.345969775 -0.142379329 -0.054528084 -0.112048207 -0.066970483 0.989942848
1311867190.331358910 0.709848440 -0.329385128 -0.123743907 -0.050465785 -0.118140979 -0.065388868 0.989555562
1311867190.363436460 0.706124779 -0.315028373 -0.128174645 -0.048624265 -0.117286167 -0.065743609 0.989725929
1311867190.399467468 0.743886471 -0.320354208 -0.102885729 -0.049147101 -0.123883598 -0.065035374 0.988942777
1311867190.431374311 0.759691842 -0.321943645 -0.100178992 -0.050569282 -0.125091205 -0.064288405 0.988767889
1311867190.463340521 0.753310750 -0.327592136 -0.107652596 -0.053611562 -0.122585594 -0.064583521 0.988902190
1311867190.499356985 0.759067870 -0.321400844 -0.098834686 -0.051853105 -0.123851832 -0.063978564 0.988877506
1311867190.531808853 0.786061548 -0.315253344 -0.087774729 -0.051396237 -0.127892951 -0.063746885 0.988401818
1311867190.563352585 0.784822456 -0.320768234 -0.091112432 -0.053727889 -0.126103839 -0.064399253 0.988465413
1311867190.599450588 0.791946599 -0.328238380 -0.083231525 -0.055311280 -0.126778365 -0.063763400 0.988333009
1311867190.631420612 0.800483250 -0.318607211 -0.078662587 -0.053941190 -0.128209861 -0.063724521 0.988226576
1311867190.663424253 0.836518235 -0.327149462 -0.072082571 -0.055502602 -0.133117619 -0.063659755 0.987495112
1311867190.699639082 0.819506307 -0.302619745 -0.069477187 -0.050807900 -0.129286512 -0.066028650 0.988101094
1311867190.731380701 0.833424949 -0.315928070 -0.064779188 -0.054187533 -0.131874457 -0.064066100 0.987708648
1311867190.763475180 0.844492392 -0.305997041 -0.050238707 -0.052886187 -0.134550778 -0.065129607 0.987348608
1311867190.799432516 0.837207830 -0.318050201 -0.061445927 -0.056396434 -0.132412592 -0.065966021 0.987387883
1311867190.831710577 0.851728171 -0.316718243 -0.053834793 -0.055917969 -0.134470144 -0.066706044 0.987087263
1311867190.863425970 0.857859324 -0.319732013 -0.051531522 -0.055196590 -0.134392720 -0.067136378 0.987109234
1311867190.899432182 0.862529475 -0.302873577 -0.036632915 -0.051850807 -0.135862771 -0.068803731 0.986974593
1311867190.931647062 0.865831479 -0.332012161 -0.048361715 -0.057420060 -0.135549006 -0.068297683 0.986744562
1311867190.963532209 0.890756542 -0.320731141 -0.021657398 -0.053474659 -0.140969539 -0.067473625 0.986263332
1311867190.999439955 0.895797544 -0.311640280 -0.017826211 -0.052009798 -0.141573019 -0.068092762 0.986212673
1311867191.031327248 0.906311053 -0.317036927 -0.016386167 -0.055464875 -0.142743502 -0.069081469 0.985786838
1311867191.063627481 0.916754145 -0.323939565 0.001064861 -0.055696148 -0.144534613 -0.069886526 0.985456015
1311867191.099431992 0.916715028 -0.310859103 -0.007174182 -0.052693524 -0.142877745 -0.070308118 0.985832699
1311867191.131302834 0.935094504 -0.303479945 0.013478951 -0.052194815 -0.146502131 -0.071301304 0.985255779
1311867191.163395405 0.931037168 -0.324409276 0.006863790 -0.055726153 -0.144583156 -0.071352731 0.985342120
1311867191.199388981 0.937970437 -0.311247407 0.009942965 -0.052768863 -0.144587071 -0.072327765 0.985433265
1311867191.231394529 0.960995177 -0.318294992 0.028476431 -0.054956099 -0.148923048 -0.071466698 0.984730554
1311867191.263467789 0.966826151 -0.307425661 0.028723186 -0.052502630 -0.148220253 -0.071536289 0.984965375
1311867191.299713612 0.982867117 -0.310432542 0.033992163 -0.053610095 -0.150124010 -0.072221681 0.984567300
1311867191.331659555 0.982696577 -0.304175101 0.039530844 -0.053962233 -0.148977709 -0.072619506 0.984692910
1311867191.363435745 0.979588999 -0.315074023 0.041355757 -0.056068084 -0.148645464 -0.072695827 0.984619831
1311867191.399571180 0.978977748 -0.309594967 0.030912241 -0.053488731 -0.147660618 -0.075359463 0.984711252
1311867191.431588173 1.001569422 -0.301891873 0.051354094 -0.052726330 -0.152000193 -0.074491229 0.984157981
1311867191.463413715 1.001309844 -0.303334307 0.059629972 -0.052872110 -0.150954223 -0.074900976 0.984280045
1311867191.499653339 1.010301697 -0.309573874 0.058040260 -0.054075940 -0.152657128 -0.075161214 0.983932104
1311867191.531446218 1.030730024 -0.322733257 0.061926213 -0.056970117 -0.156657112 -0.075197424 0.983136970
1311867191.563638926 1.026175856 -0.311117613 0.063982114 -0.054567304 -0.155195564 -0.075123065 0.983510687
1311867191.599846840 1.035543108 -0.299901709 0.074961866 -0.053293413 -0.156901339 -0.074667244 0.983344591
1311867191.631468773 1.038029560 -0.309682072 0.072521119 -0.056660301 -0.156980684 -0.074611728 0.983147886
1311867191.663619757 1.047095510 -0.315971282 0.080079428 -0.057784803 -0.159350384 -0.075536816 0.982630430
1311867191.699572802 1.065145925 -0.305293586 0.089665110 -0.056260987 -0.162665252 -0.074310337 0.982269154
1311867191.731487513 1.065363349 -0.317799506 0.097819698 -0.059434372 -0.161820749 -0.075046781 0.982165760
1311867191.763579369 1.065546155 -0.305036542 0.098916612 -0.056136891 -0.161507192 -0.075633218 0.982366374
1311867191.799770832 1.063650863 -0.303478318 0.099613628 -0.056883392 -0.161392968 -0.075024166 0.982388907
1311867191.831511021 1.075112018 -0.310149632 0.105920770 -0.058567168 -0.164109123 -0.075284728 0.981819888
1311867191.863470554 1.070541010 -0.297254889 0.101463377 -0.056408697 -0.162851973 -0.074088476 0.982246502
1311867191.899623394 1.076903458 -0.307420676 0.105557384 -0.059982748 -0.164647976 -0.075261859 0.981645948
1311867191.931630135 1.082674979 -0.307894787 0.114151544 -0.060148461 -0.165717696 -0.075857177 0.981409953
1311867191.963469744 1.081031387 -0.298312326 0.110137146 -0.058133378 -0.164926161 -0.075045380 0.981727082
1311867191.999526262 1.088804457 -0.307801337 0.111450268 -0.061846101 -0.166377309 -0.075782133 0.981198614
1311867192.031527281 1.090485411 -0.307924987 0.125274910 -0.061256652 -0.166462676 -0.076376308 0.981175040
1311867192.063495159 1.088137198 -0.306190278 0.125389287 -0.059631631 -0.166324821 -0.075691200 0.981351601
1311867192.099805593 1.103375763 -0.300967703 0.123680459 -0.059645478 -0.167949860 -0.075654117 0.981076814
1311867192.131666183 1.087607069 -0.297717518 0.126912557 -0.058912522 -0.164477358 -0.076328735 0.981656986
1311867192.163515806 1.093966808 -0.308347732 0.121888861 -0.060120031 -0.164631138 -0.076010426 0.981582694
1311867192.199652910 1.116389558 -0.295378582 0.148293457 -0.058054464 -0.169681275 -0.077363943 0.980740926
1311867192.231699467 1.130542665 -0.294667369 0.164752904 -0.057436169 -0.173056765 -0.074891957 0.980379333
1311867192.263542175 1.117429166 -0.297434144 0.143879036 -0.057334296 -0.168709991 -0.076959786 0.980982624
1311867192.299473047 1.116297770 -0.282889504 0.162951682 -0.055087309 -0.167865769 -0.076847903 0.981264935
1311867192.331518888 1.114587602 -0.286842946 0.164868237 -0.054913365 -0.166289725 -0.079116866 0.981362711
1311867192.363619804 1.120085663 -0.300170467 0.149035333 -0.057098423 -0.165738476 -0.077349083 0.981472184
1311867192.399490595 1.124006623 -0.275653550 0.167855311 -0.052129719 -0.165780176 -0.079110345 0.981601232
1311867192.431620121 1.094910534 -0.275018264 0.170605679 -0.051158608 -0.158645837 -0.079711432 0.982781961
1311867192.463541985 1.127873950 -0.287271095 0.166749916 -0.052687127 -0.164225949 -0.076128117 0.982068437
1311867192.499590158 1.164309220 -0.287445696 0.188478704 -0.052574518 -0.170747709 -0.075027905 0.981046356
1311867192.531620026 1.160169009 -0.311756413 0.186535833 -0.056385392 -0.168988502 -0.074799498 0.981156771
1311867192.563632488 1.170405842 -0.302543228 0.192631020 -0.053056049 -0.169656224 -0.074887711 0.981220491
1311867192.599631786 1.178921563 -0.294635206 0.209742124 -0.052000588 -0.171600579 -0.074767915 0.980947980
1311867192.631520987 1.178350973 -0.298996940 0.206892988 -0.051890894 -0.169839107 -0.075728258 0.981186651
1311867192.663624763 1.181843392 -0.297644367 0.204263604 -0.050814041 -0.169796466 -0.076440057 0.981195195
1311867192.699606895 1.177154424 -0.301745554 0.195093074 -0.052623820 -0.166609929 -0.073716323 0.981854250
1311867192.731618404 1.183844588 -0.307589591 0.200594807 -0.053177567 -0.168106876 -0.074843225 0.981483936
1311867192.763642311 1.188681246 -0.295607869 0.202233757 -0.050648313 -0.168601695 -0.075256331 0.981501249
1311867192.799500465 1.196355726 -0.299231992 0.212468423 -0.051997565 -0.169764683 -0.074892792 0.981258006
1311867192.831693172 1.202755583 -0.311374380 0.214803498 -0.053848971 -0.171260114 -0.076353824 0.980785581
1311867192.863604069 1.202329991 -0.299502646 0.211030187 -0.051381743 -0.170548329 -0.076971445 0.980993670
1311867192.899653673 1.214318050 -0.305744478 0.214067184 -0.053848382 -0.172438897 -0.078530990 0.980407090
1311867192.931655645 1.207031218 -0.301004436 0.224272809 -0.052923511 -0.172383314 -0.078348413 0.980481831
1311867192.963824272 1.216868696 -0.286120058 0.228067451 -0.049770281 -0.174032614 -0.077717432 0.980405819
1311867192.999714136 1.230502994 -0.288543289 0.238434206 -0.051632508 -0.176306181 -0.077953947 0.979884379
1311867193.031653404 1.230670108 -0.299855830 0.233667448 -0.053438328 -0.176591982 -0.078558706 0.979687780
1311867193.063615799 1.231109526 -0.294695064 0.230557349 -0.052394167 -0.176143290 -0.077937986 0.979874514
1311867193.099626541 1.219740595 -0.273213298 0.229632585 -0.049517958 -0.172372005 -0.080713998 0.980469844
1311867193.131635666 1.241459755 -0.282019783 0.251038211 -0.050601505 -0.177889550 -0.080112953 0.979477774
1311867193.163808823 1.229517647 -0.271207175 0.248710309 -0.049466942 -0.174784517 -0.078501024 0.980224966
1311867193.199591637 1.242524013 -0.283407737 0.262117708 -0.053667490 -0.178654975 -0.078846489 0.979278016
1311867193.231633663 1.266314638 -0.276966177 0.279143885 -0.051028070 -0.184303999 -0.077444273 0.978483805
1311867193.263554096 1.239191872 -0.272816508 0.259367946 -0.051590234 -0.176454631 -0.077619532 0.979886432
1311867193.299517155 1.258900152 -0.290824757 0.266767624 -0.055284071 -0.180286996 -0.077505175 0.978996026
1311867193.331430197 1.259137065 -0.298056385 0.258659407 -0.055675697 -0.179659639 -0.077921774 0.979056090
1311867193.363678455 1.255814812 -0.286149690 0.261894641 -0.054335699 -0.178467417 -0.078802654 0.979278895
1311867193.399556637 1.243126571 -0.281870279 0.263991026 -0.053400869 -0.175395415 -0.079513849 0.979827711
1311867193.431816816 1.246944941 -0.275876394 0.265920309 -0.050367786 -0.175505003 -0.081797642 0.979780703
1311867193.463559389 1.260537665 -0.266056852 0.272028652 -0.049658305 -0.178152197 -0.079132660 0.979557997
1311867193.499548674 1.249802022 -0.286035153 0.256406365 -0.054113863 -0.173432872 -0.078909595 0.980186719
1311867193.531618834 1.272660890 -0.289068519 0.270597802 -0.053516848 -0.178820885 -0.078179732 0.979309434
1311867193.563584328 1.272310530 -0.270559429 0.286880621 -0.050437377 -0.178803017 -0.077780305 0.979507926
1311867193.599533081 1.285636502 -0.291148267 0.281325136 -0.054681060 -0.180863837 -0.078755008 0.978823734
1311867193.631742239 1.283737576 -0.277259302 0.280541590 -0.050520538 -0.179604213 -0.077929015 0.979345225
1311867193.663590908 1.289251999 -0.279521642 0.277348530 -0.051731816 -0.179292948 -0.078134038 0.979322689
1311867193.699539185 1.299239927 -0.288411246 0.289397247 -0.053494510 -0.181536682 -0.078704373 0.978768814
1311867193.731568336 1.304305089 -0.275545965 0.290301688 -0.049948888 -0.182322720 -0.079362263 0.978756949
1311867193.763567209 1.310123836 -0.278401319 0.290806825 -0.051553697 -0.181994357 -0.078119397 0.978834833
1311867193.799691200 1.298883285 -0.273865503 0.297766269 -0.050532741 -0.179509050 -0.079608842 0.979226927
1311867193.831554651 1.308215091 -0.286050346 0.290787379 -0.052381897 -0.179909348 -0.079507885 0.979064482
1311867193.863523006 1.316992483 -0.275709006 0.298107983 -0.050596033 -0.181778054 -0.078570050 0.978888925
1311867193.899689674 1.315613403 -0.271825573 0.308228167 -0.049208022 -0.180808313 -0.078850383 0.979116715
1311867193.931566954 1.325367251 -0.280169592 0.300318492 -0.050625474 -0.181070840 -0.078844544 0.978996399
1311867193.963704348 1.339072208 -0.274862202 0.307939690 -0.049877604 -0.183857206 -0.077880959 0.978592514
1311867193.999702692 1.332144462 -0.281673163 0.306211381 -0.051209925 -0.181358738 -0.078123142 0.978970544
1311867194.031688929 1.332652245 -0.279962628 0.308311731 -0.050243524 -0.180144402 -0.078145471 0.979243008
1311867194.063653469 1.332471107 -0.272725787 0.312533961 -0.049088778 -0.179135664 -0.079059953 0.979413207
1311867194.099680185 1.326100420 -0.276284351 0.312988881 -0.050045804 -0.176898225 -0.078863890 0.979787182
1311867194.131719589 1.331516522 -0.272358467 0.315234743 -0.048470908 -0.177451557 -0.079636074 0.979703839
1311867194.163586140 1.317901949 -0.258187414 0.304523046 -0.046449328 -0.172869169 -0.080755356 0.980529083
1311867194.199684620 1.337535133 -0.254553239 0.329846254 -0.045512425 -0.178661830 -0.078781481 0.979694875
1311867194.231548786 1.346681255 -0.261629628 0.327302474 -0.046566248 -0.180439496 -0.079521650 0.979259659
1311867194.263618708 1.328466895 -0.248583175 0.323695444 -0.044374183 -0.176099114 -0.083102629 0.979854064
1311867194.299715996 1.343963643 -0.261930306 0.323832253 -0.047295919 -0.179235049 -0.081008076 0.979324045
1311867194.331760645 1.349602055 -0.266292501 0.322803713 -0.048153224 -0.180585125 -0.080462521 0.979079191
1311867194.363705635 1.353874495 -0.271309820 0.327020197 -0.050046259 -0.181771519 -0.081226250 0.978701580
1311867194.399610519 1.347275354 -0.270438720 0.329130249 -0.049682180 -0.180544373 -0.082084090 0.978875688
1311867194.431803703 1.349809023 -0.270212890 0.328822408 -0.048864224 -0.180931487 -0.081097650 0.978927605
1311867194.463874817 1.346967997 -0.261301080 0.333001251 -0.047093723 -0.180176341 -0.080726918 0.979184269
1311867194.499629021 1.351735899 -0.266841556 0.336601808 -0.048090501 -0.181506966 -0.081557167 0.978821206
1311867194.531606436 1.334131539 -0.263475545 0.323668415 -0.046361538 -0.176821196 -0.084331079 0.979526999
1311867194.563735723 1.351325361 -0.252061783 0.335260207 -0.044506071 -0.181543412 -0.082174112 0.978932385
1311867194.599622488 1.366554962 -0.276509493 0.333053774 -0.049844165 -0.184440509 -0.081437992 0.978194823
1311867194.631888390 1.356552555 -0.271150876 0.331637243 -0.049023702 -0.182186828 -0.082407158 0.978577384
1311867194.663613796 1.348711807 -0.270340905 0.333570670 -0.049763279 -0.180868755 -0.083726326 0.978672577
1311867194.699671030 1.354000586 -0.267848909 0.332532376 -0.048864315 -0.181550958 -0.084302476 0.978542090
1311867194.731755018 1.357382545 -0.263740403 0.333951287 -0.048680630 -0.181901782 -0.083584796 0.978547658
1311867194.763585806 1.366888456 -0.272455657 0.341621229 -0.050942562 -0.183654471 -0.082784692 0.978173086
1311867194.799725771 1.363240741 -0.258054937 0.340613720 -0.047835423 -0.182742517 -0.083690241 0.978423675
1311867194.831891298 1.360958350 -0.257717457 0.350308743 -0.048474382 -0.182479575 -0.083376418 0.978468095
1311867194.863668442 1.352252492 -0.250652048 0.340452289 -0.046868506 -0.179742154 -0.084157006 0.978986057
1311867194.899587870 1.358064533 -0.263787474 0.335430375 -0.050092757 -0.180435758 -0.085411654 0.978590058
1311867194.931822777 1.352727224 -0.269894652 0.330657459 -0.051958520 -0.179725021 -0.085004921 0.978658977
1311867194.963863850 1.354339430 -0.262289348 0.338666078 -0.049754264 -0.181395865 -0.084688874 0.978492641
1311867194.999856710 1.356627909 -0.263624370 0.340056954 -0.050419834 -0.182127454 -0.083599832 0.978416322
1311867195.031823397 1.347335278 -0.267111876 0.340528552 -0.050866433 -0.181769043 -0.082496364 0.978553510
1311867195.063658953 1.342063908 -0.273854882 0.337333221 -0.050921540 -0.182041547 -0.082552109 0.978495284
1311867195.099839211 1.346151318 -0.262586029 0.337890086 -0.048929907 -0.183076057 -0.083113451 0.978356364
1311867195.131755114 1.343324740 -0.268149418 0.338269874 -0.049628817 -0.182273527 -0.084097082 0.978386949
1311867195.163738966 1.345348288 -0.262030786 0.333245639 -0.048467320 -0.183293270 -0.083824174 0.978278081
1311867195.199682236 1.338840988 -0.266622396 0.323141273 -0.050723649 -0.182495301 -0.083652903 0.978327536
1311867195.231953382 1.341717396 -0.275013030 0.326887776 -0.052255837 -0.184147188 -0.083426600 0.977956616
1311867195.263959408 1.340889047 -0.273135703 0.328001983 -0.051772794 -0.183697841 -0.083946542 0.978022320
1311867195.299842596 1.330063769 -0.261692920 0.331002191 -0.049976118 -0.181938787 -0.083804916 0.978456643
1311867195.331663132 1.327899106 -0.268762401 0.325516992 -0.050200859 -0.181745311 -0.084642749 0.978408974
1311867195.363660097 1.331177156 -0.280492162 0.311201249 -0.052022281 -0.181804570 -0.083389406 0.978410439
1311867195.399819374 1.316442700 -0.270645494 0.313615805 -0.050644491 -0.179218879 -0.083989143 0.978908348
1311867195.431774616 1.315212764 -0.276250424 0.311579038 -0.051175425 -0.179558802 -0.084562428 0.978769078
1311867195.463774204 1.314973157 -0.271463145 0.308342861 -0.050023228 -0.180575783 -0.083652453 0.978719740
1311867195.499860525 1.320152592 -0.277576960 0.307711410 -0.052555965 -0.181700185 -0.082599001 0.978468353
1311867195.531826735 1.300241099 -0.271078524 0.309404671 -0.050875916 -0.178533460 -0.083681665 0.979047917
1311867195.563720703 1.300628073 -0.274969835 0.298589569 -0.051267504 -0.178736712 -0.083826337 0.978978026
1311867195.599756002 1.304541702 -0.280379850 0.301588090 -0.052765247 -0.180182261 -0.084053980 0.978613872
1311867195.631793976 1.304227558 -0.285809508 0.298440561 -0.053458801 -0.180468776 -0.084342389 0.978498615
1311867195.663754940 1.292762439 -0.282975482 0.289883111 -0.052808742 -0.178648382 -0.083563376 0.978934704
1311867195.699922323 1.283907612 -0.282991230 0.283856828 -0.053178149 -0.177378426 -0.083946787 0.979112821
1311867195.732031822 1.279470670 -0.284629525 0.287679199 -0.053052081 -0.177441581 -0.083772283 0.979123162
1311867195.767661810 1.276899135 -0.284766595 0.280803792 -0.052754268 -0.177282886 -0.083311755 0.979207290
1311867195.799635410 1.268888511 -0.288567735 0.274190743 -0.054173901 -0.175877272 -0.083525505 0.979365031
1311867195.831754684 1.267862278 -0.287296529 0.270247541 -0.053197009 -0.175910869 -0.082977121 0.979459158
1311867195.867630005 1.273833232 -0.289046058 0.274134624 -0.053633783 -0.178584928 -0.082988833 0.978950302
1311867195.899840355 1.263420610 -0.288718251 0.271681088 -0.054709586 -0.176803187 -0.082946845 0.979217706
1311867195.931914568 1.257576526 -0.292045260 0.266405251 -0.055377798 -0.175802331 -0.082676445 0.979383196
1311867195.967736721 1.258060934 -0.287319014 0.265893656 -0.054915580 -0.176671384 -0.081762990 0.979329523
1311867195.999657631 1.247910065 -0.280836165 0.262406059 -0.054643489 -0.174890275 -0.081665626 0.979672499
1311867196.031886101 1.251077125 -0.297345515 0.260905560 -0.057628205 -0.175532041 -0.081192736 0.979425971
1311867196.067753792 1.241154199 -0.282571374 0.259024713 -0.055056305 -0.173383879 -0.080891923 0.979981291
1311867196.099654198 1.230031170 -0.285608798 0.255506513 -0.056890836 -0.171472446 -0.080401948 0.980253110
1311867196.131796122 1.241969245 -0.302683724 0.252812956 -0.059700119 -0.174823685 -0.080091422 0.979519239
1311867196.167746544 1.237236099 -0.288301543 0.253905812 -0.057159702 -0.174390753 -0.079858887 0.979766907
1311867196.199711323 1.221865058 -0.288118123 0.249315356 -0.057665482 -0.171125032 -0.080859209 0.980230944
1311867196.231920242 1.219226203 -0.294227650 0.245158007 -0.058361938 -0.170715334 -0.080021794 0.980329879
1311867196.267924309 1.214435821 -0.292407238 0.240806405 -0.058288170 -0.169962630 -0.080951192 0.980388748
1311867196.299732447 1.204208620 -0.300394461 0.231037952 -0.059951205 -0.167886493 -0.082265147 0.980536804
1311867196.331832647 1.211596800 -0.301392747 0.235456888 -0.059606725 -0.170318566 -0.081535971 0.980199219
1311867196.368728638 1.202241169 -0.297338588 0.229316192 -0.059760360 -0.168073203 -0.081445064 0.980584927
1311867196.399738789 1.193385526 -0.303516930 0.228350575 -0.061732822 -0.166526826 -0.081323510 0.980736642
1311867196.432020426 1.190042197 -0.297971717 0.225511390 -0.060315662 -0.166625100 -0.080612139 0.980866851
1311867196.467799664 1.189893286 -0.301796911 0.221518629 -0.061910881 -0.166611046 -0.080560517 0.980774085
1311867196.499768257 1.185159277 -0.304451146 0.224298909 -0.062723751 -0.166452889 -0.080666723 0.980740560
1311867196.531925440 1.179609584 -0.295948131 0.221601127 -0.060823767 -0.166084270 -0.080118908 0.980967607
1311867196.567767143 1.177733488 -0.295925429 0.217143981 -0.062095226 -0.165881710 -0.079493154 0.980973129
1311867196.599713087 1.169096705 -0.302509771 0.210425724 -0.063761705 -0.164363584 -0.079684007 0.981106272
1311867196.631993532 1.163361608 -0.297169534 0.207151884 -0.062629086 -0.163529930 -0.078514881 0.981412743
1311867196.667737007 1.154042934 -0.293161766 0.205605360 -0.062960403 -0.162314759 -0.078055204 0.981629916
1311867196.699700117 1.152468986 -0.296278695 0.206167599 -0.064137556 -0.162850925 -0.078403920 0.981437097
1311867196.731759548 1.141773641 -0.294911700 0.200867085 -0.064208182 -0.160870461 -0.078821760 0.981725590
1311867196.767707109 1.129686166 -0.300283308 0.196430905 -0.066434499 -0.159156773 -0.078407107 0.981889965
1311867196.799736500 1.131628714 -0.303831520 0.195396992 -0.067282872 -0.160451477 -0.078220298 0.981636350
1311867196.831867456 1.128817521 -0.302129083 0.194446544 -0.066490988 -0.160244793 -0.078612452 0.981692741
1311867196.867749453 1.115678004 -0.291828820 0.188038570 -0.064986752 -0.157892816 -0.078500981 0.982183372
1311867196.899715424 1.115900722 -0.300485612 0.191901316 -0.066716648 -0.159634420 -0.078741910 0.981766496
1311867196.931974649 1.098290517 -0.296297193 0.182069151 -0.065717499 -0.156913817 -0.078930536 0.982257214
1311867196.967911482 1.098539982 -0.307153989 0.177558832 -0.067977821 -0.157426949 -0.078732443 0.982037155
1311867196.999865770 1.091694374 -0.309408053 0.175125801 -0.068178396 -0.156729762 -0.080048103 0.982028406
1311867197.031979322 1.083360353 -0.307809820 0.170871501 -0.067556631 -0.155788690 -0.080139610 0.982213637
1311867197.067817211 1.083955638 -0.306777071 0.170457588 -0.067532007 -0.156572280 -0.079717891 0.982125046
1311867197.099835634 1.088207500 -0.311707857 0.174213098 -0.068196012 -0.158613844 -0.079610406 0.981760223
1311867197.131869555 1.075389976 -0.309104991 0.165122265 -0.067759238 -0.156334024 -0.080461866 0.982086680
1311867197.167713165 1.066635393 -0.316508363 0.157578849 -0.069544168 -0.154869048 -0.081464931 0.982111323
1311867197.199776173 1.048753406 -0.318402314 0.148701739 -0.070065676 -0.151791567 -0.082013723 0.982508967
1311867197.231927633 1.045231142 -0.312626323 0.150880132 -0.069350946 -0.151746585 -0.082714015 0.982507920
1311867197.267919302 1.036931341 -0.323128749 0.144163268 -0.072356156 -0.150777644 -0.082505510 0.982457902
1311867197.299809933 1.034767577 -0.315941357 0.148389603 -0.070776721 -0.151332193 -0.083093717 0.982438119
1311867197.332018375 1.028341864 -0.316562914 0.142789005 -0.071589451 -0.150427279 -0.083580295 0.982476930
1311867197.367855310 1.034352152 -0.323693933 0.140631899 -0.073137276 -0.152378541 -0.082886128 0.982120975
1311867197.399881840 1.020547386 -0.323173985 0.131169017 -0.072686885 -0.149964494 -0.083799153 0.982448456
1311867197.431956053 1.016330123 -0.318585273 0.134618108 -0.071664232 -0.149993368 -0.083390892 0.982553910
1311867197.467991114 1.007714632 -0.326551446 0.127221702 -0.073272476 -0.148356261 -0.083171591 0.982702422
1311867197.499994516 1.005994981 -0.321782966 0.123715997 -0.071605141 -0.148516013 -0.082451395 0.982861875
1311867197.531882286 1.001696974 -0.323921990 0.118175004 -0.072599820 -0.147956681 -0.082520712 0.982867447
1311867197.567869186 0.992600084 -0.328241865 0.113976909 -0.073781444 -0.146202646 -0.082498211 0.983043809
1311867197.599910736 0.983483944 -0.327879526 0.109898765 -0.072777383 -0.144639989 -0.083130832 0.983296492
1311867197.631962776 0.989030916 -0.320075052 0.112386224 -0.072398894 -0.146060451 -0.083710441 0.983065261
1311867197.667929411 0.976766070 -0.333199906 0.098978028 -0.075391151 -0.143026684 -0.084528778 0.983216369
1311867197.699743986 0.978172284 -0.322313899 0.102794294 -0.072415981 -0.144370538 -0.084987868 0.983204015
1311867197.732004166 0.967976724 -0.327350646 0.091416236 -0.075245638 -0.141566294 -0.085808588 0.983328005
1311867197.767904043 0.962748500 -0.328357395 0.091891765 -0.075024241 -0.140728389 -0.087130741 0.983348930
1311867197.799835443 0.951066421 -0.325810029 0.080884176 -0.074238195 -0.138899905 -0.085897210 0.983776995
1311867197.831987143 0.954153075 -0.332908429 0.084879269 -0.076542080 -0.140209850 -0.086868126 0.983329262
1311867197.867940903 0.942678278 -0.331544211 0.076921927 -0.075221090 -0.137905904 -0.087391695 0.983710547
1311867197.899954319 0.940256613 -0.327663291 0.069406009 -0.074796456 -0.137667534 -0.087219549 0.983791589
1311867197.932046175 0.931109715 -0.336900949 0.061044810 -0.077502709 -0.136196624 -0.088028064 0.983714832
1311867197.967946291 0.919649389 -0.330766052 0.066439836 -0.075861024 -0.135554996 -0.087644051 0.983965685
1311867197.999775171 0.918272052 -0.322840551 0.063959628 -0.074962641 -0.135913668 -0.088828718 0.983878822
1311867198.031819105 0.910460070 -0.328226717 0.057023550 -0.076988479 -0.135240246 -0.088173882 0.983874086
1311867198.067816019 0.906333661 -0.328492084 0.054691300 -0.076898582 -0.135548733 -0.088188684 0.983837337
1311867198.099795341 0.911912819 -0.313623124 0.063507069 -0.074482037 -0.137605783 -0.088364815 0.983721878
1311867198.131829262 0.896910605 -0.324278078 0.050584635 -0.077513241 -0.135020163 -0.088038571 0.983875227
1311867198.167952061 0.881849878 -0.326646851 0.039407398 -0.078210995 -0.132527751 -0.089163247 0.984057595
1311867198.199813843 0.892213837 -0.319075633 0.043762860 -0.076860764 -0.135330541 -0.089049982 0.983792747
1311867198.232003212 0.872145037 -0.318850351 0.034592773 -0.076977548 -0.131680374 -0.089431052 0.984244290
1311867198.267961740 0.867732277 -0.320719595 0.028786436 -0.076969257 -0.131668195 -0.089005007 0.984285187
1311867198.299863815 0.864690492 -0.326027005 0.028160047 -0.078667868 -0.132201524 -0.088628483 0.984113365
1311867198.331862688 0.851027465 -0.323270524 0.022744791 -0.077904896 -0.130703449 -0.088703564 0.984367367
1311867198.367969751 0.838472696 -0.327114861 0.009381331 -0.078122067 -0.129136595 -0.088122981 0.984609071
1311867198.399905682 0.836169357 -0.319543431 0.011121321 -0.077027365 -0.130003335 -0.088317921 0.984563793
1311867198.431987762 0.816390574 -0.329345713 0.000268005 -0.078444268 -0.126796322 -0.087602725 0.984933984
1311867198.467920542 0.811815570 -0.331875482 -0.005083237 -0.077261340 -0.126641327 -0.087373405 0.985067788
1311867198.500075340 0.801895769 -0.309472768 -0.009119463 -0.072965523 -0.125735964 -0.087097961 0.985535613
1311867198.532124996 0.782609303 -0.325909519 -0.018581465 -0.075087681 -0.123933682 -0.086586324 0.985649578
1311867198.567990303 0.797306606 -0.314014229 -0.021537087 -0.071819850 -0.127880676 -0.085671433 0.985468846
1311867198.599951267 0.779941891 -0.316889306 -0.029566651 -0.072915088 -0.125796047 -0.085630456 0.985660271
1311867198.631966352 0.788950620 -0.320689409 -0.026173136 -0.072925505 -0.127929868 -0.086518043 0.985307286
1311867198.668072701 0.767928942 -0.321329313 -0.036793397 -0.073064235 -0.124077445 -0.086338285 0.985805308
1311867198.699843884 0.753919076 -0.314519475 -0.047918036 -0.072506794 -0.121599578 -0.086212444 0.986166174
1311867198.731873512 0.743368313 -0.326331104 -0.050044407 -0.075264168 -0.120277414 -0.085356271 0.986196205
1311867198.767910957 0.739584699 -0.308182346 -0.048016673 -0.072251325 -0.119525962 -0.085942286 0.986461968
1311867198.799839020 0.726064201 -0.311814111 -0.059167540 -0.073979677 -0.115812292 -0.085710618 0.986796945
1311867198.831953526 0.718197665 -0.316864816 -0.063918141 -0.074838695 -0.114676224 -0.084724493 0.986949996
1311867198.867891550 0.715245091 -0.314602177 -0.070034057 -0.074945440 -0.113719379 -0.084476152 0.987073890
1311867198.899854898 0.716419078 -0.318601491 -0.067985898 -0.076119849 -0.113579027 -0.083514435 0.987082019
1311867198.931880951 0.710882014 -0.306997629 -0.070566868 -0.073897530 -0.111935775 -0.082959205 0.987485346
1311867198.968076468 0.709664915 -0.308475411 -0.071127058 -0.074652498 -0.111134211 -0.081455015 0.987644304
1311867199.000049829 0.693397674 -0.317964409 -0.088289164 -0.076856752 -0.106290498 -0.080279240 0.988104556
1311867199.031843424 0.673479408 -0.298242523 -0.092039809 -0.073370624 -0.101899645 -0.078608871 0.988966056
1311867199.067992687 0.683395278 -0.300742068 -0.092192261 -0.074038273 -0.102768263 -0.077620697 0.988904467
1311867199.099859715 0.687678394 -0.292702550 -0.087469205 -0.072886471 -0.103248325 -0.076488696 0.989028223
1311867199.132001877 0.684520736 -0.305276676 -0.092272269 -0.075066646 -0.102255077 -0.074980262 0.989083848
1311867199.167890549 0.684511230 -0.284339259 -0.094601817 -0.070885377 -0.100892758 -0.073489413 0.989643987
1311867199.200126410 0.675750677 -0.285170592 -0.095902605 -0.071387280 -0.098248391 -0.072142147 0.989973040
1311867199.234099150 0.664808986 -0.282747403 -0.103476329 -0.070646796 -0.095785798 -0.070841185 0.990361367
1311867199.267942190 0.668217785 -0.278617588 -0.102871713 -0.070200324 -0.095752332 -0.070285805 0.990435920
1311867199.300030231 0.641279832 -0.286968127 -0.117910886 -0.071795551 -0.090384776 -0.069587170 0.990875177
1311867199.331880093 0.641111046 -0.286839315 -0.122530191 -0.070872215 -0.090222303 -0.069090563 0.990991200
1311867199.368141174 0.636930599 -0.281043327 -0.124318218 -0.069309283 -0.089468566 -0.067981028 0.991246780
1311867199.399919510 0.631576832 -0.281594408 -0.126829089 -0.068625544 -0.089076154 -0.067547661 0.991359313
1311867199.432048321 0.622668285 -0.277169773 -0.133558238 -0.067027577 -0.087649044 -0.067288227 0.991613455
1311867199.467972279 0.619521437 -0.297603620 -0.143977678 -0.070704035 -0.087449727 -0.067544528 0.991358271
1311867199.500181198 0.609554632 -0.283439143 -0.141714466 -0.067867615 -0.086650185 -0.067416334 0.991635402
1311867199.532253265 0.601729719 -0.292196625 -0.147171818 -0.069073076 -0.085268242 -0.068145455 0.991622123
1311867199.568266153 0.571003941 -0.291165454 -0.159749130 -0.068982606 -0.080165335 -0.068512275 0.992028723
1311867199.600399017 0.565248759 -0.288686517 -0.162927910 -0.068644085 -0.080454070 -0.068903868 0.992001708
1311867199.632208347 0.558555830 -0.278280938 -0.165682619 -0.066924469 -0.080109258 -0.069013404 0.992139492
1311867199.668053865 0.550572875 -0.283534205 -0.164116206 -0.067950126 -0.080207272 -0.069138717 0.992053129
1311867199.699941158 0.555934361 -0.284161602 -0.167989899 -0.067636779 -0.081640628 -0.069543503 0.991929320
1311867199.732004642 0.531322597 -0.268596279 -0.174339426 -0.065007731 -0.078597038 -0.069954428 0.992321963
1311867199.768069029 0.529222422 -0.279541569 -0.171941274 -0.067329860 -0.079894253 -0.070621068 0.992016261
1311867199.800055981 0.512960992 -0.282163383 -0.177078156 -0.067158372 -0.078282364 -0.071528322 0.992091389
1311867199.832480431 0.501282564 -0.272917457 -0.187971187 -0.065650591 -0.076711019 -0.071539692 0.992314210
1311867199.867938757 0.494676727 -0.285463457 -0.182459479 -0.068255641 -0.077137268 -0.072013373 0.992071108
1311867199.899921656 0.487634252 -0.284951257 -0.186213301 -0.067374706 -0.077111667 -0.071943122 0.992138411
1311867199.932205915 0.477035756 -0.282341307 -0.191057203 -0.066793817 -0.076742097 -0.072864689 0.992139090
1311867199.967970371 0.469271815 -0.278889860 -0.189744264 -0.066217750 -0.076382802 -0.072812406 0.992209268
1311867200.000052452 0.460221492 -0.277433757 -0.193605058 -0.065348219 -0.075908557 -0.072686504 0.992312538
1311867200.032204390 0.454712275 -0.264178453 -0.193315507 -0.063128287 -0.075979281 -0.073347116 0.992402221
1311867200.068005562 0.426202174 -0.275964442 -0.202347226 -0.066471103 -0.072034186 -0.072726951 0.992523783
1311867200.100057602 0.418347948 -0.271252573 -0.200257189 -0.065067035 -0.072155256 -0.072969867 0.992590197
1311867200.132172585 0.401983115 -0.268917835 -0.204426060 -0.065447812 -0.070257415 -0.073119842 0.992690268
1311867200.168054342 0.393331196 -0.280846648 -0.202281214 -0.068128180 -0.070172617 -0.073899406 0.992458177
1311867200.200062513 0.382414906 -0.265409833 -0.205874965 -0.064905072 -0.069155673 -0.074649162 0.992689441
1311867200.232126474 0.381758139 -0.264751264 -0.203936924 -0.065898966 -0.069760281 -0.074205283 0.992614933
1311867200.268192291 0.366244970 -0.274427682 -0.206657076 -0.067577257 -0.068475499 -0.074979450 0.992533376
1311867200.300065994 0.355176678 -0.261905461 -0.208080608 -0.065921773 -0.067926134 -0.074535556 0.992715876
1311867200.332117319 0.342558790 -0.269733798 -0.204711295 -0.067971133 -0.066964819 -0.075417706 0.992576349
1311867200.368162632 0.320836480 -0.268847115 -0.208600404 -0.067277942 -0.064820475 -0.076048611 0.992717781
1311867200.400064945 0.336111169 -0.257030522 -0.205289603 -0.065592523 -0.069628581 -0.076030972 0.992506309
1311867200.432113886 0.320344648 -0.274273187 -0.208903194 -0.068994437 -0.068717522 -0.078531912 0.992144349
1311867200.468131781 0.298485740 -0.258502527 -0.209055174 -0.065907027 -0.065752624 -0.078342949 0.992570017
1311867200.500089884 0.297079210 -0.253822101 -0.199264196 -0.065480948 -0.067316403 -0.078002025 0.992520242
1311867200.532160997 0.278057653 -0.252880731 -0.205794127 -0.064793110 -0.065510465 -0.079873515 0.992537381
1311867200.568212032 0.260855611 -0.252345727 -0.209722998 -0.065727727 -0.064065078 -0.080068832 0.992554539
1311867200.600090981 0.231466437 -0.250152751 -0.206993324 -0.066048593 -0.060320052 -0.081396108 0.992659936
1311867200.632042646 0.239182351 -0.253488954 -0.206696540 -0.066520429 -0.063391213 -0.080785321 0.992486936
1311867200.668204069 0.211434336 -0.238681698 -0.206120356 -0.064565122 -0.060016230 -0.080823902 0.992822690
1311867200.700119734 0.187451948 -0.237202642 -0.206240803 -0.065074621 -0.057599307 -0.081169518 0.992904388
1311867200.732170343 0.185448685 -0.237312597 -0.206008083 -0.065208146 -0.058535197 -0.081491597 0.992814508
1311867200.768079042 0.193694934 -0.230926065 -0.201213986 -0.064869528 -0.061109343 -0.080582821 0.992755761
1311867200.800075769 0.153596852 -0.245297454 -0.204434941 -0.068361278 -0.055593147 -0.081485492 0.992772004
1311867200.832136869 0.151657422 -0.244356689 -0.205148997 -0.068449499 -0.056612226 -0.081747452 0.992686797
1311867200.868157387 0.118048956 -0.225505714 -0.203468818 -0.066446033 -0.051646762 -0.081865686 0.993083857
1311867200.899994850 0.118442717 -0.231541672 -0.199920028 -0.067709647 -0.052505066 -0.082713601 0.992883217
1311867200.932029247 0.089387990 -0.224333548 -0.197970523 -0.066067131 -0.047561639 -0.081597496 0.993335227
1311867200.968154192 0.075009513 -0.230420169 -0.193691533 -0.067153179 -0.044758824 -0.082303215 0.993334425
1311867201.000062227 0.070111806 -0.214840694 -0.192749957 -0.063454032 -0.044225544 -0.080201174 0.993773344
1311867201.032193184 0.095220647 -0.239383367 -0.200025133 -0.067086837 -0.048887892 -0.081701181 0.993193963
1311867201.067956209 0.091638909 -0.226132075 -0.205362099 -0.063882482 -0.047740817 -0.080947737 0.993522675
1311867201.100216866 0.073323818 -0.220220549 -0.202624491 -0.062118615 -0.045546064 -0.079560243 0.993849587
1311867201.132241964 0.054469973 -0.211824561 -0.198704145 -0.060214626 -0.041800598 -0.079216619 0.994158758
1311867201.168190956 0.057048070 -0.211832508 -0.201221665 -0.059460834 -0.041334151 -0.080007743 0.994160278
1311867201.200147390 0.036085650 -0.213928572 -0.195228242 -0.059012826 -0.038291313 -0.079217465 0.994372091
1311867201.232056141 0.058199605 -0.215943474 -0.194333545 -0.058562137 -0.042699733 -0.078631795 0.994265684
1311867201.269489765 0.046263452 -0.198321420 -0.198460702 -0.054991090 -0.040245393 -0.077364040 0.994671350
1311867201.299894094 0.032049370 -0.197825216 -0.197301761 -0.054954483 -0.037660211 -0.076701620 0.994825902
1311867201.332276106 0.015294626 -0.202061107 -0.198761473 -0.054294121 -0.035221512 -0.077647362 0.994878124
1311867201.368233204 0.006889133 -0.190330765 -0.199624867 -0.052693185 -0.034366947 -0.077080646 0.995038148
1311867201.400226593 0.002437749 -0.195539494 -0.193625661 -0.054049805 -0.036313412 -0.077810001 0.994839464
1311867201.432761192 -0.002563367 -0.181194521 -0.196470656 -0.050760397 -0.036870889 -0.075993573 0.995132603
1311867201.468079567 -0.024913982 -0.173135302 -0.192484209 -0.050301573 -0.034106622 -0.076419126 0.995221888
1311867201.500087023 -0.035690018 -0.154729879 -0.188929744 -0.048652368 -0.034246072 -0.075223694 0.995390149
1311867201.532194853 -0.049405889 -0.142301314 -0.190245132 -0.046853872 -0.033700813 -0.075760829 0.995454302
1311867201.568143129 -0.052637388 -0.138844198 -0.190935739 -0.046463264 -0.035083327 -0.076309695 0.995382919
1311867201.600102663 -0.056672144 -0.131397351 -0.187269189 -0.046067527 -0.036160341 -0.075808558 0.995401063
1311867201.632067680 -0.064330273 -0.138360390 -0.187934506 -0.047664374 -0.036382982 -0.076767316 0.995244274
1311867201.668049574 -0.079999059 -0.142607443 -0.187790540 -0.048438193 -0.035024875 -0.078197462 0.995144289
1311867201.700291872 -0.084221557 -0.119246599 -0.185593468 -0.044314911 -0.035105763 -0.078211857 0.995332447
1311867201.732199669 -0.097442080 -0.111024874 -0.185554984 -0.043574904 -0.033652665 -0.077842551 0.995444254
1311867201.768201590 -0.107846475 -0.131080298 -0.186921308 -0.047476863 -0.032826654 -0.078894072 0.995210573
1311867201.800209999 -0.127279125 -0.141630082 -0.180560628 -0.049935725 -0.030805766 -0.079296495 0.995122854
1311867201.832156181 -0.128517469 -0.125391105 -0.183407936 -0.048484134 -0.031415168 -0.077844827 0.995290188
1311867201.868218660 -0.118342864 -0.116078894 -0.186334865 -0.046204487 -0.033720887 -0.078166312 0.995297983
1311867201.900076628 -0.111387376 -0.124314875 -0.190239683 -0.047844647 -0.036037760 -0.079375466 0.995043569
1311867201.932261705 -0.112404365 -0.101237245 -0.188062801 -0.043477863 -0.036958848 -0.076866978 0.995407046
1311867201.968171835 -0.120949786 -0.108919181 -0.186712851 -0.044790571 -0.036004034 -0.077699292 0.995319212
1311867202.000190020 -0.124464716 -0.115515477 -0.187897202 -0.045757889 -0.036036391 -0.078259829 0.995230121
1311867202.032239199 -0.134648044 -0.112007481 -0.182354773 -0.044945858 -0.034726083 -0.079201396 0.995239221
1311867202.068151712 -0.137357064 -0.116984713 -0.186795292 -0.046067485 -0.033552587 -0.079787819 0.995181348
1311867202.100314617 -0.135166118 -0.104686256 -0.177424451 -0.043979128 -0.035178504 -0.077237265 0.995420873
1311867202.132408619 -0.129601412 -0.108823764 -0.186610032 -0.045165335 -0.037254551 -0.077104508 0.995302510
1311867202.168278694 -0.170303859 -0.105405257 -0.181764845 -0.045734003 -0.029333664 -0.077092195 0.995542430
1311867202.200125456 -0.173330944 -0.119748880 -0.174378579 -0.048912233 -0.030494174 -0.075813888 0.995454647
1311867202.232374668 -0.154855031 -0.094972384 -0.180304053 -0.043632365 -0.034410757 -0.076857164 0.995492387
1311867202.268100977 -0.144629429 -0.086238704 -0.183151649 -0.042959860 -0.036410429 -0.075776253 0.995533370
1311867202.300106525 -0.158295708 -0.078907263 -0.178288399 -0.042718941 -0.033526851 -0.075679764 0.995652357
1311867202.332364798 -0.175243962 -0.084401006 -0.176357419 -0.043128478 -0.030859641 -0.075987390 0.995697511
1311867202.368310213 -0.203819653 -0.104948669 -0.173190986 -0.047844231 -0.027179562 -0.074994438 0.995664620
1311867202.400292397 -0.150316440 -0.085865128 -0.176206498 -0.044265387 -0.038549021 -0.074092664 0.995522388
1311867202.432185650 -0.165505633 -0.090056536 -0.177786615 -0.043851599 -0.034844781 -0.077996579 0.995379029
1311867202.468117952 -0.154510764 -0.074445611 -0.180117467 -0.039786921 -0.036959463 -0.075641684 0.995655229
1311867202.500243425 -0.201767110 -0.102942181 -0.171032799 -0.046161933 -0.027883480 -0.075361968 0.995696822
1311867202.532279968 -0.201221227 -0.086898482 -0.173308601 -0.041977808 -0.028338181 -0.075295298 0.995874203
1311867202.568183184 -0.208930663 -0.082967408 -0.173233730 -0.040359852 -0.027176699 -0.076366942 0.995891861
1311867202.600241423 -0.175802652 -0.087899949 -0.175631311 -0.039826711 -0.032146930 -0.075617984 0.995822438
1311867202.632408857 -0.209377113 -0.088968452 -0.173278620 -0.039112542 -0.025273209 -0.075451816 0.996061493
1311867202.668254137 -0.195202672 -0.065156752 -0.174323989 -0.032592416 -0.030839862 -0.074383871 0.996219693
1311867202.700291157 -0.203401657 -0.084297914 -0.175882866 -0.035774509 -0.031384381 -0.075117532 0.996038434
1311867202.732284069 -0.293507895 -0.099132002 -0.153933142 -0.036970872 -0.015175106 -0.074790881 0.996398111
1311867202.768105984 -0.238297671 -0.086033287 -0.173829284 -0.031753519 -0.025281336 -0.075206072 0.996341616
1311867202.800215244 -0.241536548 -0.080851740 -0.173629748 -0.029290503 -0.024502437 -0.074722946 0.996472869
1311867202.832371235 -0.280272215 -0.079657169 -0.164848955 -0.027046289 -0.018828439 -0.074330191 0.996689024
1311867202.868185997 -0.271572556 -0.093004617 -0.163873002 -0.028299932 -0.023254577 -0.073595433 0.996615297
1311867202.900342703 -0.275006376 -0.087053913 -0.166099700 -0.027676400 -0.024370968 -0.073829642 0.996588810
1311867202.932160616 -0.300652493 -0.076131835 -0.160973118 -0.026461239 -0.019552831 -0.076046510 0.996561297
1311867202.968197823 -0.307798188 -0.095003731 -0.158602403 -0.030980080 -0.018499195 -0.077966080 0.996302818
1311867203.000234127 -0.285400034 -0.099330842 -0.161450041 -0.033913256 -0.023442332 -0.077854335 0.996111967
1311867203.032284260 -0.291135733 -0.100064985 -0.164289103 -0.036459941 -0.021456865 -0.078053407 0.996051174
1311867203.068187714 -0.268801680 -0.105619073 -0.167455474 -0.038025636 -0.024187884 -0.078278278 0.995912400
1311867203.100350380 -0.250317126 -0.097520497 -0.170544384 -0.037140834 -0.025549737 -0.076521613 0.996048298
1311867203.132443428 -0.250055700 -0.106073225 -0.170637275 -0.039995870 -0.023665406 -0.076419753 0.995992119
1311867203.168209553 -0.284837172 -0.098656593 -0.159710466 -0.037426244 -0.014675903 -0.076265827 0.996276778
1311867203.200286150 -0.256045898 -0.086570476 -0.169938889 -0.034614787 -0.018771172 -0.075221991 0.996389036
1311867203.232210398 -0.251169717 -0.104995490 -0.173200644 -0.039055992 -0.019194950 -0.075091155 0.996226632
1311867203.268182993 -0.288232540 -0.119893544 -0.162532575 -0.041860777 -0.011924783 -0.074908178 0.996240051
1311867203.300206423 -0.261672322 -0.111184429 -0.170804093 -0.039079111 -0.017953844 -0.075206943 0.996240131
1311867203.332226276 -0.252238358 -0.104018868 -0.175603119 -0.038102177 -0.020520412 -0.075174047 0.996230897
1311867203.368129015 -0.253910990 -0.106799554 -0.174442257 -0.040329219 -0.020949797 -0.074219552 0.996205861
1311867203.400199652 -0.275296324 -0.120268790 -0.169198157 -0.043527199 -0.018316999 -0.074501758 0.996102082
1311867203.432255268 -0.271119242 -0.127376437 -0.172419605 -0.042849928 -0.019890097 -0.075893679 0.995996193
1311867203.468205214 -0.286250537 -0.125708655 -0.177129708 -0.042735719 -0.016782732 -0.076583235 0.996005525
1311867203.500493765 -0.268681370 -0.142702460 -0.172370880 -0.046052139 -0.021585040 -0.077962161 0.995658168
1311867203.532247066 -0.270884194 -0.125411477 -0.173795966 -0.041039613 -0.021177134 -0.079539352 0.995761402
1311867203.568287134 -0.255113812 -0.126856356 -0.179054853 -0.040873757 -0.024609652 -0.080274565 0.995630300
1311867203.600247383 -0.295144895 -0.149796429 -0.170859210 -0.046704975 -0.017102330 -0.081488558 0.995432454
1311867203.632380962 -0.292955633 -0.157570125 -0.170391369 -0.047897363 -0.018191179 -0.081645840 0.995343599
1311867203.668366432 -0.290812283 -0.160317644 -0.170470176 -0.047310999 -0.019204508 -0.084264683 0.995134322
1311867203.700466871 -0.275422088 -0.194685039 -0.176664671 -0.054022136 -0.022745117 -0.083971693 0.994742692
1311867203.732262850 -0.308732610 -0.184405181 -0.163138435 -0.051402773 -0.015730842 -0.085257263 0.994907782
1311867203.768141270 -0.289830343 -0.179883173 -0.169479412 -0.050050215 -0.019074973 -0.085529787 0.994894857
1311867203.800188065 -0.296148856 -0.194549136 -0.169240384 -0.053138429 -0.018084583 -0.086854597 0.994638394
1311867203.832438231 -0.312318482 -0.193466629 -0.164128943 -0.052873484 -0.014391964 -0.088056764 0.994607094
1311867203.868153811 -0.293713870 -0.193710234 -0.174433298 -0.051832622 -0.016867227 -0.088808615 0.994556135
1311867203.900206089 -0.309965441 -0.205409354 -0.173253988 -0.052675009 -0.013727151 -0.089589082 0.994490173
1311867203.932460308 -0.334451835 -0.196769934 -0.170281772 -0.050013403 -0.009031580 -0.090444615 0.994603872
1311867203.968286991 -0.341248610 -0.212836268 -0.166690921 -0.052478532 -0.008036624 -0.092660688 0.994281355
1311867204.000337124 -0.338159376 -0.207200545 -0.168517076 -0.049985342 -0.008444898 -0.091941673 0.994473166
1311867204.032368660 -0.345378955 -0.225706671 -0.168367913 -0.052215199 -0.007801918 -0.093819041 0.994188458
1311867204.068206310 -0.345081127 -0.222937338 -0.165192702 -0.050542547 -0.008193606 -0.091671261 0.994472069
1311867204.100342989 -0.341143843 -0.229787308 -0.169548213 -0.049727616 -0.008938642 -0.094142124 0.994275880
1311867204.132295370 -0.332521878 -0.244093229 -0.174198472 -0.050205862 -0.010198213 -0.094237652 0.994230674
1311867204.168261528 -0.345713127 -0.232625254 -0.173261357 -0.045803209 -0.006851815 -0.094685475 0.994429374
1311867204.200304985 -0.360757965 -0.234370216 -0.170935345 -0.043131578 -0.004306272 -0.096282829 0.994409744
1311867204.232436419 -0.341814219 -0.235267503 -0.170229159 -0.041132079 -0.008391667 -0.095492052 0.994544619
1311867204.268181086 -0.344306444 -0.261398134 -0.174118451 -0.044182354 -0.007330894 -0.097155064 0.994261068
1311867204.300301790 -0.369986495 -0.248234762 -0.169023332 -0.038666158 -0.001686085 -0.097499845 0.994482713
1311867204.332519054 -0.365884571 -0.266359667 -0.174003915 -0.039998598 -0.002057803 -0.098397274 0.994340914
1311867204.368375063 -0.370143562 -0.269067522 -0.168049498 -0.038709839 -0.001266720 -0.099869265 0.994246485
1311867204.400281668 -0.383341555 -0.266210705 -0.168305064 -0.035957731 0.002156042 -0.100442503 0.994290549
1311867204.432434320 -0.388487774 -0.258445347 -0.169897514 -0.032435302 0.003760691 -0.100893865 0.994361220
1311867204.468296528 -0.377940955 -0.259959525 -0.172279866 -0.031477101 0.002454743 -0.100439287 0.994442113
1311867204.500276566 -0.382436616 -0.271815623 -0.173239052 -0.030864490 0.003460862 -0.102954876 0.994201036
1311867204.532479286 -0.338478145 -0.287640122 -0.183603189 -0.032674585 -0.004227948 -0.098312333 0.994610065
1311867204.568211317 -0.375346027 -0.289944182 -0.178375761 -0.031342508 0.003140589 -0.101024959 0.994385107
1311867204.600263834 -0.382618431 -0.292683033 -0.172537327 -0.030277678 0.004340333 -0.100867563 0.994429564
1311867204.632417440 -0.381874493 -0.298453955 -0.171992086 -0.030299061 0.004551658 -0.100483446 0.994466855
1311867204.668452024 -0.371890218 -0.307635076 -0.172669178 -0.029723878 0.002214520 -0.101199950 0.994419508
1311867204.700261116 -0.377742164 -0.306311210 -0.178477106 -0.027959676 0.004283754 -0.101000145 0.994484227
1311867204.732292652 -0.373717790 -0.309957913 -0.173936055 -0.028011230 0.004326630 -0.099568448 0.994626953
1311867204.768311501 -0.396525232 -0.295260454 -0.165824087 -0.024507604 0.009104722 -0.097087348 0.994932424
1311867204.800433874 -0.419833568 -0.283588517 -0.162297402 -0.021568701 0.012688231 -0.097816944 0.994889765
1311867204.832496405 -0.403141263 -0.293246672 -0.157480623 -0.024155166 0.009103375 -0.096232424 0.995024109
1311867204.868245840 -0.411759651 -0.311761062 -0.153704412 -0.027810606 0.011550901 -0.097292458 0.994800143
1311867204.900223732 -0.431245445 -0.299255182 -0.150885980 -0.024308718 0.015964412 -0.096240689 0.994933140
1311867204.936363220 -0.407110568 -0.321397573 -0.153265237 -0.028381612 0.010323508 -0.094734388 0.995044373
1311867204.968218803 -0.409955026 -0.340264507 -0.153703175 -0.032599431 0.011434919 -0.094488672 0.994926334
1311867205.000334263 -0.405246166 -0.345049333 -0.147664031 -0.031502117 0.010790525 -0.093929110 0.995021861
1311867205.036326170 -0.423335110 -0.323269539 -0.146761857 -0.025804802 0.014592330 -0.093692749 0.995159708
1311867205.068636894 -0.419337661 -0.340817164 -0.139352659 -0.029222692 0.013733315 -0.091697382 0.995263292
1311867205.100765228 -0.402464628 -0.361835442 -0.146467633 -0.031334117 0.009890485 -0.089575681 0.995437868
1311867205.136300564 -0.418241026 -0.329207056 -0.142081301 -0.023754236 0.013654051 -0.088723223 0.995679413
1311867205.168289423 -0.463980793 -0.304727036 -0.130962782 -0.019693728 0.023040265 -0.088774428 0.995590480
1311867205.200371027 -0.440060696 -0.346671141 -0.133700474 -0.026294995 0.017588695 -0.086909586 0.995713782
1311867205.236444235 -0.409128789 -0.363916683 -0.137896193 -0.027427168 0.011319597 -0.084172412 0.996009348
1311867205.268391609 -0.439303315 -0.349700802 -0.132932211 -0.023789068 0.017904706 -0.086125670 0.995839280
1311867205.300458193 -0.425759560 -0.386032077 -0.134044714 -0.029650248 0.015188256 -0.087035041 0.995648071
1311867205.336288452 -0.439868714 -0.352989751 -0.124877854 -0.022335687 0.018611349 -0.084661968 0.995985485
1311867205.368439198 -0.429076370 -0.367832759 -0.132894623 -0.023483693 0.017121978 -0.085511207 0.995913243
1311867205.400475979 -0.457703331 -0.352926832 -0.112979290 -0.019541713 0.022374450 -0.087473385 0.995723813
1311867205.436289549 -0.458096281 -0.373551446 -0.113459348 -0.023076649 0.022092703 -0.087935010 0.995613788
1311867205.468361139 -0.455879473 -0.377048703 -0.119670957 -0.023484281 0.022034064 -0.088922034 0.995517886
1311867205.500259161 -0.464247409 -0.373625083 -0.108653352 -0.022271380 0.023653107 -0.089835347 0.995426605
1311867205.536285400 -0.443798601 -0.390580224 -0.120329584 -0.024423256 0.019406890 -0.087540717 0.995672386
1311867205.568369150 -0.442873567 -0.384614330 -0.117664681 -0.023371973 0.018153109 -0.085986803 0.995856659
1311867205.600317955 -0.446749309 -0.410363682 -0.113347195 -0.028757524 0.016911041 -0.087703123 0.995587858
1311867205.636377573 -0.453496446 -0.384257225 -0.110985338 -0.022756143 0.017441512 -0.084989035 0.995969284
1311867205.668639421 -0.471033639 -0.402934634 -0.103255109 -0.025942501 0.020454438 -0.087406459 0.995624785
1311867205.700292587 -0.480017787 -0.407007476 -0.099481207 -0.024526925 0.021949857 -0.089776906 0.995417872
1311867205.736482143 -0.497791145 -0.402066304 -0.101786808 -0.021384928 0.026037330 -0.091334259 0.995250117
1311867205.768330812 -0.468310212 -0.397466300 -0.094408921 -0.019287125 0.019056279 -0.086398661 0.995891629
1311867205.800294399 -0.485586183 -0.412598456 -0.084644354 -0.021929381 0.021880357 -0.090307729 0.995432000
1311867205.836369991 -0.470322304 -0.430063333 -0.095180712 -0.023613309 0.019793094 -0.090666318 0.995404573
1311867205.868513346 -0.453148238 -0.423090863 -0.097181609 -0.021605069 0.016220842 -0.086460563 0.995888888
1311867205.900316954 -0.460243433 -0.429114356 -0.098102755 -0.022472252 0.017512953 -0.087525247 0.995754802
1311867205.936313391 -0.491482429 -0.416198000 -0.079919548 -0.019999533 0.024523790 -0.090739299 0.995371781
1311867205.968515158 -0.480324815 -0.427450323 -0.090148922 -0.021458109 0.022009653 -0.089638113 0.995499941
1311867206.000653982 -0.506750963 -0.406189333 -0.088960722 -0.017329021 0.026356449 -0.091684287 0.995288418
1311867206.036735535 -0.523791376 -0.417359305 -0.076944366 -0.021734114 0.029083151 -0.093689611 0.994939222
1311867206.068412304 -0.537410965 -0.422583759 -0.077745214 -0.021416369 0.030484828 -0.096607946 0.994625014
1311867206.100417614 -0.514393534 -0.422803950 -0.086538261 -0.021721871 0.026832700 -0.093824079 0.994990055
1311867206.136422157 -0.535980330 -0.437780542 -0.091056997 -0.024958289 0.031491583 -0.096467878 0.994524667
1311867206.168280363 -0.523388802 -0.438605275 -0.081133185 -0.024112572 0.028918803 -0.092385647 0.995011145
1311867206.200430870 -0.525446250 -0.439779463 -0.081973908 -0.023041048 0.028412201 -0.093330401 0.994962961
1311867206.236354351 -0.538250041 -0.436652199 -0.074554832 -0.023378190 0.030387331 -0.093380027 0.994892075
1311867206.268562078 -0.523593662 -0.456981623 -0.085408316 -0.026887145 0.026497896 -0.093703479 0.994884215
1311867206.300428629 -0.533850234 -0.452171953 -0.086645259 -0.025936829 0.028210619 -0.094675241 0.994770346
1311867206.336617708 -0.535162663 -0.460694285 -0.085335006 -0.028212358 0.027525437 -0.093464652 0.994842084
1311867206.368476391 -0.536612251 -0.471405322 -0.080318033 -0.030608575 0.026147463 -0.094404507 0.994719666
1311867206.400411367 -0.537272159 -0.460634918 -0.080435020 -0.028065093 0.026405740 -0.095271586 0.994705189
1311867206.436540127 -0.539773336 -0.465373113 -0.079565182 -0.029463501 0.027308837 -0.094402789 0.994723199
1311867206.468475103 -0.543405473 -0.478244887 -0.078777345 -0.032122765 0.027680702 -0.095494577 0.994526366
1311867206.500566959 -0.554902824 -0.470729702 -0.072027051 -0.030492922 0.029296462 -0.095480348 0.994532756
1311867206.536577940 -0.548844301 -0.484144951 -0.076876732 -0.031572261 0.027103341 -0.095453729 0.994563817
1311867206.568317413 -0.555113816 -0.481404338 -0.068789106 -0.030677690 0.028472996 -0.095812568 0.994519039
1311867206.600452662 -0.549893407 -0.486586256 -0.068114385 -0.030419639 0.026568958 -0.095281658 0.994630656
1311867206.636480093 -0.554484745 -0.505255546 -0.071176451 -0.033323944 0.026309646 -0.094500343 0.994619024
1311867206.668513298 -0.541821994 -0.506828536 -0.076434069 -0.032043260 0.022850961 -0.093057935 0.994882548
1311867206.700560331 -0.542628479 -0.502297267 -0.076765243 -0.030831747 0.022833747 -0.093527583 0.994877186
1311867206.736376047 -0.542706271 -0.522082127 -0.076369997 -0.033239143 0.022615849 -0.094829965 0.994681336
1311867206.768347979 -0.547774134 -0.514144519 -0.072453136 -0.030696812 0.023294135 -0.093819982 0.994843153
1311867206.800519943 -0.565130066 -0.513118734 -0.062212567 -0.030576430 0.025218980 -0.095680726 0.994622684
1311867206.836415529 -0.560872164 -0.518384828 -0.074467853 -0.030155392 0.023448658 -0.095439548 0.994702018
1311867206.868562698 -0.571583624 -0.516265878 -0.072267824 -0.028063010 0.025094751 -0.097411385 0.994531922
1311867206.900569439 -0.572232213 -0.532889607 -0.071264643 -0.031261984 0.025475329 -0.095244094 0.994636747
1311867206.936441422 -0.564524843 -0.532409110 -0.068435757 -0.030065358 0.023678137 -0.095603968 0.994683518
1311867206.968606949 -0.584183276 -0.529778119 -0.063020139 -0.027377697 0.027149124 -0.099627036 0.994277547
1311867207.000644207 -0.590104582 -0.529169770 -0.060487825 -0.025488725 0.027624588 -0.099724720 0.994304876
1311867207.036586285 -0.595526258 -0.525051047 -0.054972085 -0.023491665 0.028199616 -0.100624804 0.994247239
1311867207.068406582 -0.592298057 -0.537710703 -0.061540165 -0.024974545 0.026148351 -0.100518547 0.994277908
1311867207.100545645 -0.589302126 -0.542292378 -0.067678164 -0.024486632 0.024291453 -0.100269876 0.994362249
1311867207.136473656 -0.589521213 -0.547200797 -0.072553899 -0.025458158 0.024371806 -0.099911543 0.994371953
1311867207.168706894 -0.582096550 -0.535439954 -0.051709571 -0.023269393 0.022698847 -0.099626729 0.994493747
1311867207.200653315 -0.604016975 -0.555509489 -0.060248746 -0.026990586 0.026784799 -0.100530564 0.994207065
1311867207.236586809 -0.592983593 -0.556402379 -0.058888648 -0.026878568 0.024644862 -0.098183236 0.994499988
1311867207.268616915 -0.589642671 -0.579082977 -0.052187536 -0.031861267 0.022964711 -0.096994615 0.994509691
1311867207.300499678 -0.596479997 -0.576710180 -0.054568586 -0.030595745 0.024118388 -0.099070565 0.994317468
1311867207.336652279 -0.595638958 -0.585530667 -0.057354066 -0.032150049 0.023789756 -0.099207495 0.994262689
1311867207.368579149 -0.591951557 -0.593097635 -0.057175713 -0.033957580 0.022891484 -0.099282781 0.994216170
1311867207.400698185 -0.594170064 -0.600500393 -0.051732710 -0.035266406 0.022675231 -0.100681469 0.994034887
1311867207.436579943 -0.595921121 -0.598523864 -0.053881176 -0.034211557 0.022890024 -0.101373978 0.993996445
1311867207.468646288 -0.599853912 -0.595198208 -0.047775366 -0.033744945 0.023523911 -0.102178683 0.993915198
1311867207.500600576 -0.610408940 -0.608493343 -0.043171251 -0.035825685 0.024828287 -0.103980385 0.993623750
1311867207.536507607 -0.610035322 -0.610120570 -0.046832590 -0.035052320 0.024731283 -0.104793803 0.993568295
1311867207.568705797 -0.612043292 -0.612417418 -0.043792541 -0.035177854 0.025684815 -0.106596126 0.993347912
1311867207.600586891 -0.633682556 -0.607088074 -0.032894390 -0.033137904 0.029898240 -0.108784424 0.993062900
1311867207.636490822 -0.618444080 -0.623311765 -0.038067156 -0.034717493 0.025290115 -0.109081582 0.993104382
1311867207.668772936 -0.623730565 -0.615315876 -0.035747598 -0.031913211 0.026186454 -0.109594190 0.993118790
1311867207.700561523 -0.644880514 -0.623362320 -0.023793075 -0.033721131 0.029300953 -0.112509001 0.992645991
1311867207.736500978 -0.634794799 -0.632142090 -0.028096899 -0.032927844 0.026278113 -0.112763196 0.992728402
1311867207.768609047 -0.646620790 -0.625785089 -0.026431955 -0.030606311 0.028137456 -0.112438287 0.992788582
1311867207.800991058 -0.619406654 -0.659506289 -0.049628307 -0.036051540 0.022075609 -0.108863840 0.993157399
1311867207.836553812 -0.652024997 -0.627643652 -0.016094026 -0.029270873 0.027477143 -0.112661025 0.992822097
1311867207.868773222 -0.656700514 -0.649030281 -0.019613510 -0.032793724 0.028157758 -0.113973222 0.992543106
1311867207.900899649 -0.664230565 -0.641352806 -0.016736365 -0.030877785 0.029484263 -0.113981467 0.992565094
1311867207.936533928 -0.673103856 -0.642735710 -0.010226378 -0.030210483 0.030381355 -0.114941126 0.992447902
1311867207.968490124 -0.649736721 -0.657365400 -0.019505601 -0.032321367 0.024432069 -0.113620011 0.992697787
1311867208.000664473 -0.666217893 -0.658133851 -0.020438372 -0.032517052 0.028058970 -0.113270634 0.992635431
1311867208.036764860 -0.677636805 -0.656435145 -0.008425452 -0.031125463 0.029311941 -0.114664353 0.992483804
1311867208.069924831 -0.656487538 -0.655507102 -0.016550083 -0.029674616 0.025354777 -0.113297460 0.992794157
1311867208.101134062 -0.663890551 -0.674491889 -0.012484857 -0.033437259 0.026474505 -0.113857220 0.992581273
1311867208.136632919 -0.645435785 -0.684871944 -0.016592740 -0.033681833 0.021349968 -0.113870613 0.992694916
1311867208.168683290 -0.671543274 -0.663910638 -0.005885844 -0.029484142 0.026682385 -0.114952529 0.992574759
1311867208.200521469 -0.653640763 -0.684785524 -0.019700089 -0.031470183 0.023010836 -0.115204405 0.992576483
1311867208.236561298 -0.666710042 -0.686315447 -0.008147585 -0.031372112 0.024750879 -0.116628240 0.992371421
1311867208.268439770 -0.673059637 -0.685534932 -0.009542543 -0.029809914 0.025562183 -0.115807719 0.992495096
1311867208.300596952 -0.662655489 -0.700785276 -0.009975773 -0.031663486 0.022595179 -0.118020495 0.992248983
1311867208.336528063 -0.682957693 -0.688344419 -0.007903449 -0.028410619 0.027647180 -0.119645589 0.992024900
1311867208.368511200 -0.669480723 -0.695921681 -0.010763496 -0.029550464 0.024806467 -0.117306720 0.992345979
1311867208.400592327 -0.675041751 -0.698933045 -0.007527754 -0.029940105 0.025232719 -0.117577225 0.992291538
1311867208.436460018 -0.682045483 -0.701168890 -0.005672834 -0.029267311 0.025686939 -0.119148859 0.992112471
1311867208.468664169 -0.677392647 -0.710682089 -0.011801449 -0.030384756 0.025019699 -0.120289805 0.991958237
1311867208.500563860 -0.681351560 -0.705406026 -0.006098823 -0.029143961 0.026443747 -0.119297703 0.992078332
1311867208.536522150 -0.678036918 -0.715251672 -0.007887535 -0.030567592 0.024746701 -0.120549724 0.991927914
1311867208.568643570 -0.676582966 -0.705561343 -0.003124042 -0.029004809 0.023837573 -0.119127705 0.992168877
1311867208.600594997 -0.674439848 -0.715950654 -0.003051605 -0.031172973 0.022468581 -0.120302978 0.991993247
1311867208.636445284 -0.686820846 -0.709364038 -0.001461228 -0.030198546 0.024726190 -0.121011578 0.991883492
1311867208.668488026 -0.688201741 -0.717784215 -0.003538869 -0.031771896 0.024653278 -0.121647320 0.991758384
1311867208.700606108 -0.687542308 -0.717661275 0.001969238 -0.032185666 0.024135951 -0.122344117 0.991672051
1311867208.736709833 -0.687975353 -0.719596688 0.002464599 -0.032262419 0.023536672 -0.122827901 0.991624157
1311867208.768806696 -0.687426553 -0.719442833 0.001365796 -0.032335579 0.022935754 -0.121322532 0.991821156
1311867208.800641298 -0.694012338 -0.726361701 0.003810600 -0.033536922 0.023731549 -0.122671139 0.991596632
1311867208.836883307 -0.688075999 -0.728218767 0.007960653 -0.032498009 0.023250574 -0.123140243 0.991584475
1311867208.868490934 -0.692840925 -0.724424934 0.009368347 -0.031278065 0.024518349 -0.122500823 0.991672366
1311867208.900810957 -0.685341311 -0.730783349 0.006704177 -0.032465419 0.021757404 -0.122539475 0.991693848
1311867208.936516285 -0.698322674 -0.730527852 0.016292179 -0.031361167 0.023731250 -0.123405560 0.991576710
1311867208.968731880 -0.705789923 -0.727762527 0.021167427 -0.029523887 0.025122334 -0.124481564 0.991464346
1311867209.000766754 -0.710814810 -0.712792962 0.021340926 -0.025619321 0.027282912 -0.124693952 0.991489138
1311867209.036589384 -0.706609552 -0.738434230 0.018039569 -0.028925307 0.025785035 -0.126247188 0.991241699
1311867209.068848372 -0.703465136 -0.737801292 0.012573475 -0.027360101 0.025587530 -0.123854022 0.991593104
1311867209.100836754 -0.699087320 -0.745168204 0.003018097 -0.028202185 0.023982595 -0.124267266 0.991557925
1311867209.145248175 -0.700078931 -0.745617443 0.007860957 -0.027332978 0.023553793 -0.125298478 0.991462767
1311867209.168675900 -0.712830462 -0.745495795 0.004855961 -0.027114215 0.026301399 -0.126121923 0.991295272
1311867209.200608253 -0.714874934 -0.752906749 0.010919606 -0.028345716 0.026435360 -0.126327244 0.991231113
1311867209.236579418 -0.707911503 -0.767295491 -0.005265643 -0.029511857 0.024930328 -0.125335885 0.991361914
1311867209.268676758 -0.708691380 -0.758163075 0.002780845 -0.027479207 0.023931328 -0.123554109 0.991668577
1311867209.300548077 -0.705249712 -0.781155185 -0.015945977 -0.030858996 0.022334719 -0.124407564 0.991499693
1311867209.336607695 -0.714945022 -0.779369364 -0.004136478 -0.029510472 0.023110735 -0.124656868 0.991491650
1311867209.368684530 -0.713841075 -0.782537925 -0.012040548 -0.029089377 0.022837978 -0.124442130 0.991537388
1311867209.400674343 -0.698296033 -0.799879802 -0.025405616 -0.031739410 0.020084677 -0.121716397 0.991853988
1311867209.436604023 -0.709745782 -0.778000287 0.003073273 -0.026965017 0.020754993 -0.125496843 0.991510293
1311867209.468503714 -0.728129746 -0.756459590 0.014842862 -0.023073417 0.025103403 -0.125152831 0.991551413
1311867209.501113653 -0.712904532 -0.768804216 0.002685884 -0.025054416 0.021193460 -0.124065271 0.991731275
1311867209.536901951 -0.722974382 -0.761353451 0.009400430 -0.023993217 0.022796616 -0.123598319 0.991780266
1311867209.568688869 -0.743030587 -0.756684947 0.029474277 -0.023674619 0.025322262 -0.123395224 0.991751942
1311867209.600758791 -0.742874799 -0.755643635 0.020568780 -0.022164063 0.022743229 -0.125862828 0.991539232
1311867209.636594534 -0.736490723 -0.787414726 0.002888298 -0.027440868 0.020354568 -0.122304710 0.991904354
1311867209.668569803 -0.739637375 -0.806215719 -0.004506048 -0.029795400 0.020178767 -0.124611472 0.991552839
1311867209.701271772 -0.736117201 -0.807952959 -0.007830325 -0.028749294 0.020303782 -0.122205460 0.991880567
1311867209.736572504 -0.739762092 -0.815491289 -0.009326158 -0.028829571 0.019814742 -0.126358616 0.991367607
1311867209.768623590 -0.741608196 -0.796627158 0.010521798 -0.024236464 0.019395766 -0.126843391 0.991436913
1311867209.801497698 -0.747341281 -0.820887313 -0.006843287 -0.027177400 0.020453526 -0.127168421 0.991297753
1311867209.836573839 -0.771680658 -0.812935114 -0.010433548 -0.024622090 0.025126844 -0.131715458 0.990663128
1311867209.868553162 -0.765682201 -0.806176260 -0.001188145 -0.023223506 0.024730833 -0.129744739 0.990966880
1311867209.900668859 -0.767304994 -0.811474551 0.003042529 -0.023366406 0.025485248 -0.131093647 0.990766859
1311867209.936544418 -0.763317392 -0.808971587 -0.003689204 -0.021852200 0.025124073 -0.130829614 0.990845535
1311867209.968937874 -0.766144629 -0.811534137 -0.000394579 -0.022300218 0.026156945 -0.131133371 0.990768668
1311867210.000704050 -0.770028209 -0.818204263 -0.000169713 -0.022474444 0.027550361 -0.132082990 0.990600808
1311867210.036682844 -0.768358875 -0.819895265 -0.005162296 -0.021876240 0.028102303 -0.132146897 0.990590172
1311867210.068815708 -0.763473959 -0.827395977 -0.004567146 -0.023923996 0.027609662 -0.130400416 0.990788111
1311867210.100606680 -0.772622053 -0.824877957 -0.000855467 -0.022322961 0.029448131 -0.132878677 0.990443209
1311867210.136711121 -0.763687493 -0.827274478 -0.004119199 -0.022473435 0.029067471 -0.131458915 0.990640490
1311867210.168673038 -0.775419315 -0.817420132 -0.001947946 -0.021692402 0.031701204 -0.133705496 0.990276382
1311867210.200661421 -0.775590271 -0.825533809 -0.000719949 -0.022897004 0.031699824 -0.133672755 0.990253727
1311867210.236614227 -0.776967916 -0.824113009 -0.001223181 -0.021490977 0.031926608 -0.134266323 0.990197649
1311867210.268764496 -0.774669290 -0.823221977 -0.003992308 -0.021208300 0.031947331 -0.135019415 0.990100668
1311867210.300692320 -0.780164928 -0.825460422 -0.001497333 -0.021135846 0.033252211 -0.135085506 0.990050237
1311867210.336672306 -0.778046205 -0.825670223 -0.001742655 -0.021079923 0.032790144 -0.135594118 0.989997312
1311867210.368993044 -0.779431229 -0.826636635 -0.004179221 -0.021352069 0.033475687 -0.135532405 0.989976987
1311867210.400740862 -0.783165491 -0.825009526 -0.002323493 -0.021264979 0.034293806 -0.136776888 0.989779682
1311867210.436671972 -0.784656900 -0.828644425 -0.000722125 -0.021310444 0.033722070 -0.136243719 0.989871878
1311867210.469062567 -0.777634586 -0.815268237 -0.001279046 -0.019702641 0.032353084 -0.135697192 0.990025937
1311867210.500648975 -0.783923934 -0.816502738 -0.002132074 -0.022001115 0.033207110 -0.135141596 0.990025246
1311867210.536682606 -0.783726056 -0.831988237 -0.013307799 -0.024648756 0.032724615 -0.134647001 0.990046324
1311867210.569047213 -0.782994435 -0.824736037 -0.015266192 -0.024208595 0.032065196 -0.134712803 0.990069810
1311867210.600858927 -0.780966508 -0.812066535 0.001768786 -0.024347711 0.031287122 -0.133873961 0.990205063
1311867210.636787176 -0.781222859 -0.827019353 -0.005951509 -0.026300299 0.031866733 -0.135465632 0.989920132
1311867210.673847198 -0.794496367 -0.808957251 0.013478262 -0.021930432 0.035224260 -0.137240830 0.989668259
1311867210.700721264 -0.781881513 -0.809639976 0.003317490 -0.021983517 0.033054461 -0.135211078 0.990021258
1311867210.736657381 -0.789271404 -0.833144985 -0.007766235 -0.025814313 0.033349196 -0.135787011 0.989840058
1311867210.769036055 -0.788566762 -0.839266904 -0.022517305 -0.025520580 0.033474270 -0.137278021 0.989637771
1311867210.800699711 -0.787726772 -0.843348673 -0.039684218 -0.027409208 0.033489640 -0.136832622 0.989648429
1311867210.836863041 -0.788757275 -0.831304005 -0.014225467 -0.026768762 0.032878679 -0.135993324 0.989802122
1311867210.868830681 -0.782633939 -0.828259875 -0.014128141 -0.026594935 0.032118915 -0.135143452 0.989948146
1311867210.900723696 -0.789346839 -0.824957873 -0.005700890 -0.026620774 0.033599715 -0.135532442 0.989845115
1311867210.936750650 -0.780637666 -0.823165263 -0.017002942 -0.026479912 0.032586424 -0.135100942 0.989941753
1311867210.969224453 -0.782557512 -0.818865932 -0.017553081 -0.029304102 0.032925570 -0.134333965 0.989955333
1311867211.001198292 -0.787313835 -0.831066057 -0.012738241 -0.031837451 0.033133636 -0.135511414 0.989709652
1311867211.036753893 -0.785635727 -0.821252110 -0.011623019 -0.029671578 0.032855203 -0.134859732 0.989875237
1311867211.069171190 -0.776264470 -0.818644235 -0.014034429 -0.031457302 0.030824514 -0.132342544 0.990225095
1311867211.101338625 -0.784444330 -0.835702879 -0.012244098 -0.033989942 0.031544504 -0.133631647 0.989945560
1311867211.136879206 -0.783729214 -0.831215662 -0.014227773 -0.031414155 0.031517674 -0.134304905 0.989940392
1311867211.169535398 -0.783602290 -0.835013841 -0.023896816 -0.031411428 0.031783420 -0.136115053 0.989684712
1311867211.200759411 -0.780769415 -0.827046282 -0.011282993 -0.031166084 0.031689089 -0.134008876 0.989982878
1311867211.236938477 -0.787944968 -0.829919456 -0.011353476 -0.030519196 0.032400316 -0.136622098 0.989622757
1311867211.268944025 -0.793122945 -0.812234777 -0.000210792 -0.027450884 0.033465626 -0.137385282 0.989571516
1311867211.301072598 -0.787272433 -0.812209284 -0.006015885 -0.027995060 0.032713714 -0.136625541 0.989686592
1311867211.336814880 -0.783608177 -0.811107246 0.001016644 -0.027562216 0.031979852 -0.135645001 0.989857589
1311867211.368898869 -0.782378292 -0.822020730 -0.010292622 -0.029030749 0.031856476 -0.135092801 0.989895103
1311867211.401154995 -0.783522036 -0.823640741 -0.025038491 -0.029286518 0.032067724 -0.136446686 0.989695035
1311867211.436782598 -0.784395637 -0.823808464 -0.020358046 -0.030557024 0.032509392 -0.136201900 0.989675932
1311867211.468760490 -0.781802445 -0.820421301 -0.019888356 -0.029982411 0.032392395 -0.136184847 0.989699689
1311867211.500749826 -0.789001767 -0.805496841 -0.013110383 -0.027972224 0.034474245 -0.137477183 0.989509528
1311867211.536920786 -0.781822520 -0.811908259 -0.016974072 -0.029464853 0.033488131 -0.136138262 0.989685173
1311867211.569352627 -0.785637221 -0.805359874 -0.004167485 -0.028926029 0.034870378 -0.137138239 0.989515258
1311867211.600935698 -0.791575246 -0.801822114 -0.010676560 -0.027448434 0.036117300 -0.138248842 0.989358066
1311867211.636775732 -0.776012650 -0.802890904 -0.018850264 -0.027842785 0.033638379 -0.136993804 0.989608982
1311867211.669417381 -0.785317061 -0.808545816 -0.012957696 -0.029075261 0.034982794 -0.138008520 0.989385911
1311867211.700794935 -0.783091066 -0.806567761 -0.013643140 -0.026945303 0.034141852 -0.136820758 0.989640523
1311867211.736761332 -0.779911361 -0.807703884 -0.015858753 -0.026399945 0.032599492 -0.136151200 0.989799559
1311867211.769891024 -0.778669906 -0.809340488 -0.017005275 -0.025222813 0.032126431 -0.135292352 0.989963475
1311867211.801051617 -0.777382705 -0.807110339 -0.017926699 -0.024146478 0.032098303 -0.135779121 0.989924581
1311867211.838297367 -0.772878076 -0.807438142 -0.023884451 -0.022829910 0.031982509 -0.137067738 0.989781971
1311867211.868797779 -0.767795708 -0.800942756 -0.023852936 -0.021585641 0.031820921 -0.136294822 0.989921820
1311867211.901152372 -0.766675294 -0.791804584 -0.021292180 -0.019605773 0.031676590 -0.136206503 0.989979796
1311867211.937348366 -0.769781114 -0.801955097 -0.027966539 -0.020829126 0.032015314 -0.138037949 0.989690200
1311867211.971087217 -0.767337281 -0.799205160 -0.030774274 -0.019887150 0.032164747 -0.138257930 0.989674025
1311867212.001054287 -0.761215460 -0.785070220 -0.024642827 -0.017587872 0.032247880 -0.136441211 0.989966937
1311867212.037396193 -0.774073199 -0.795712256 -0.025441305 -0.019739014 0.034444305 -0.137090692 0.989762650
1311867212.068925381 -0.774579496 -0.793283686 -0.029988507 -0.018660003 0.034110651 -0.137797735 0.989696950
1311867212.100835562 -0.768148329 -0.793068406 -0.035109915 -0.019768418 0.032881926 -0.136205620 0.989937381
1311867212.137104034 -0.765673404 -0.791452535 -0.036107906 -0.020682434 0.033434943 -0.137132730 0.989772174
1311867212.168899059 -0.765051854 -0.791421410 -0.036697782 -0.020426796 0.033494346 -0.136345030 0.989884290
1311867212.201292276 -0.757959207 -0.781436144 -0.039923793 -0.018728068 0.032325813 -0.135350393 0.990093214
1311867212.236827612 -0.760838189 -0.783161632 -0.036476554 -0.019950508 0.033435516 -0.135515347 0.990009916
1311867212.269659758 -0.757474542 -0.785321236 -0.046357001 -0.019248649 0.033051136 -0.135486077 0.990040724
1311867212.300798178 -0.754428076 -0.780933041 -0.046556271 -0.017397806 0.032174996 -0.133802137 0.990332810
1311867212.336980343 -0.773597946 -0.758418839 -0.028108749 -0.014202422 0.035442538 -0.137589024 0.989753191
1311867212.369120598 -0.764395884 -0.763434491 -0.036592744 -0.015359402 0.033930341 -0.136043405 0.990002532
1311867212.400874138 -0.758597232 -0.766101613 -0.040072252 -0.015550186 0.032495880 -0.135073577 0.990180457
1311867212.437295198 -0.755090084 -0.764359107 -0.049507107 -0.015456555 0.032620856 -0.134397645 0.990269785
1311867212.468814373 -0.752577485 -0.755107347 -0.039860932 -0.014645496 0.032024739 -0.132069647 0.990614725
1311867212.500920057 -0.753532420 -0.761752629 -0.048325972 -0.015976321 0.031916494 -0.130281049 0.990834468
1311867212.536990881 -0.753314130 -0.759250110 -0.048628866 -0.014476171 0.031661831 -0.130724983 0.990807220
1311867212.568780184 -0.743488934 -0.742305440 -0.039425379 -0.011444329 0.029877526 -0.128368839 0.991210271
1311867212.600775003 -0.742244616 -0.743106070 -0.043010139 -0.011000109 0.029910650 -0.127284831 0.991354085
1311867212.636951208 -0.752302387 -0.737037033 -0.036660696 -0.008793138 0.031522883 -0.127610029 0.991284353
1311867212.668873787 -0.742995214 -0.741278335 -0.052843645 -0.008865714 0.029812546 -0.126764434 0.991445102
1311867212.701018095 -0.742176131 -0.741122608 -0.050609442 -0.008744559 0.029624078 -0.126197564 0.991524141
1311867212.736989021 -0.746663014 -0.742376739 -0.059284907 -0.008158169 0.030982337 -0.126029627 0.991508987
1311867212.768959284 -0.737269258 -0.739642789 -0.063516279 -0.007396328 0.029210320 -0.125171815 0.991677401
1311867212.800808430 -0.736108815 -0.735518744 -0.062218198 -0.007080953 0.029323374 -0.124302345 0.991785726
1311867212.837869883 -0.736952589 -0.738666883 -0.064176786 -0.007528952 0.029342326 -0.123933453 0.991828030
1311867212.869032621 -0.734823598 -0.740674536 -0.068735022 -0.006303134 0.029103002 -0.123560903 0.991890109
1311867212.900810719 -0.735477243 -0.728177943 -0.063264950 -0.003740978 0.029525701 -0.122464826 0.992026514
1311867212.936948299 -0.728396611 -0.724781724 -0.061049786 -0.003136564 0.028491129 -0.120993607 0.992239369
1311867212.969087601 -0.732431544 -0.727106750 -0.072788883 -0.003165666 0.029327003 -0.121330614 0.992173769
1311867213.036926746 -0.728102477 -0.725390525 -0.075340070 -0.003050104 0.028511996 -0.118861676 0.992496683
1311867213.069051027 -0.723160455 -0.709717202 -0.062015547 0.000061974 0.027363687 -0.117041346 0.992749993
1311867213.101068497 -0.724391634 -0.723437106 -0.083952938 -0.001964877 0.027126162 -0.118555025 0.992574943
1311867213.136999607 -0.723106453 -0.719849600 -0.081353787 -0.001198207 0.027633447 -0.117659548 0.992668720
1311867213.169164658 -0.718634315 -0.717467545 -0.083911494 -0.000230462 0.027635853 -0.116547511 0.992800526
1311867213.201431036 -0.715320235 -0.712541748 -0.076643648 0.001994735 0.027158163 -0.116091623 0.992865142
1311867213.236857414 -0.710108265 -0.700708397 -0.077992760 0.004850585 0.027400272 -0.115199736 0.992952525
1311867213.269222975 -0.712334822 -0.698944430 -0.075286107 0.004949561 0.028305589 -0.115708285 0.992867508
1311867213.301416159 -0.712529378 -0.705850742 -0.085506836 0.005169044 0.028669959 -0.116490742 0.992764434
1311867213.336896420 -0.702934876 -0.693317987 -0.081996917 0.006741368 0.027398914 -0.114867731 0.992979989
1311867213.369001150 -0.704955541 -0.695401050 -0.085815573 0.006016053 0.027480061 -0.115663757 0.992889998
1311867213.401378155 -0.699596587 -0.693139440 -0.085689098 0.006839893 0.026639487 -0.115325988 0.992946862
1311867213.437193155 -0.696021191 -0.687972768 -0.084653081 0.007497461 0.026404966 -0.114474663 0.993046886
1311867213.469040155 -0.694499364 -0.688524642 -0.087662284 0.007307952 0.026156144 -0.114408448 0.993062514
1311867213.500996828 -0.690496219 -0.678457779 -0.091335726 0.007963557 0.025307874 -0.113805196 0.993148766
1311867213.536881208 -0.685331479 -0.678906932 -0.098428131 0.006952865 0.024034697 -0.114333788 0.993127271
1311867213.569042206 -0.682826556 -0.674951532 -0.100624566 0.006352167 0.024195193 -0.113710689 0.993198934
1311867213.601010799 -0.678808125 -0.673390967 -0.102462026 0.005577506 0.023869629 -0.113310905 0.993257153
1311867213.636923075 -0.670168808 -0.676522099 -0.104905131 0.004468986 0.024052980 -0.112457285 0.993355345
1311867213.668995380 -0.670233283 -0.660606924 -0.100832203 0.005771947 0.025227530 -0.112520816 0.993312298
1311867213.701299906 -0.662707953 -0.660598159 -0.107344999 0.003901853 0.024454447 -0.111528962 0.993452589
1311867213.737146139 -0.662073463 -0.653394667 -0.106112185 0.003612371 0.025481031 -0.111788376 0.993398725
1311867213.769089460 -0.663368878 -0.656956960 -0.109099024 0.001555712 0.026376064 -0.111980305 0.993359096
1311867213.801664352 -0.656522938 -0.648488681 -0.110430208 0.001236092 0.026189010 -0.111325193 0.993438126
1311867213.837347507 -0.654168475 -0.645093666 -0.108710592 -0.000424505 0.026935085 -0.110809094 0.993476555
1311867213.868913889 -0.653180192 -0.648683246 -0.106065469 -0.000760405 0.027908424 -0.111806884 0.993337688
1311867213.900969267 -0.648944182 -0.641528418 -0.109539800 0.000908670 0.028733875 -0.111369820 0.993363127
1311867213.937066555 -0.644161550 -0.635464340 -0.113860231 0.001149227 0.028435866 -0.109960259 0.993528471
1311867213.968919992 -0.647772238 -0.637503151 -0.111527083 0.001033962 0.028927118 -0.110424720 0.993462900
1311867214.005161047 -0.646391529 -0.636476010 -0.115419871 0.001888332 0.028745215 -0.110747792 0.993430961
1311867214.037101030 -0.638246622 -0.632231159 -0.121095727 0.002593168 0.028460119 -0.111409556 0.993363583
1311867214.068910122 -0.630693309 -0.634158182 -0.128051124 0.001958325 0.028435904 -0.111070038 0.993403750
1311867214.104861259 -0.626427018 -0.634796304 -0.127343247 0.001751718 0.028831800 -0.110430349 0.993464039
1311867214.138205767 -0.633033741 -0.622931250 -0.127840813 0.003452354 0.031292056 -0.111574778 0.993257246
1311867214.169646740 -0.633588251 -0.616668756 -0.125830294 0.003138344 0.031663076 -0.110584643 0.993357256
1311867214.205217123 -0.626485546 -0.616947766 -0.126033493 0.002792383 0.031162767 -0.111509045 0.993270767
1311867214.239877701 -0.631024322 -0.614521030 -0.124051216 0.002891590 0.032753351 -0.111213633 0.993252427
1311867214.270552158 -0.632093320 -0.608336271 -0.118431686 0.003643575 0.033193289 -0.111365807 0.993218298
1311867214.305762053 -0.628129016 -0.609409099 -0.124806920 0.002743264 0.032796161 -0.110483442 0.993332923
1311867214.337668657 -0.618556404 -0.608985824 -0.129027592 0.002842155 0.030978078 -0.110081888 0.993435584
1311867214.369048834 -0.620433385 -0.599214408 -0.130702757 0.004074939 0.031337273 -0.110055915 0.993422904
1311867214.405033112 -0.613874309 -0.610919838 -0.137849490 0.002338879 0.030624684 -0.109562864 0.993505228
1311867214.437363625 -0.624769873 -0.595941035 -0.126984985 0.005462988 0.032761038 -0.110826032 0.993284683
1311867214.469777346 -0.616244441 -0.590935097 -0.131559631 0.006887213 0.031347533 -0.109993221 0.993414007
1311867214.505939245 -0.614667211 -0.589077939 -0.138487636 0.006963324 0.032244310 -0.112030621 0.993157065
1311867214.537369251 -0.617467839 -0.579705645 -0.130124293 0.007732912 0.033434442 -0.111065531 0.993220413
1311867214.569142103 -0.616577127 -0.578345001 -0.134511551 0.007176822 0.033386054 -0.111962761 0.993125473
1311867214.604863644 -0.612861314 -0.576569776 -0.136915682 0.006162434 0.032375093 -0.110309193 0.993350774
1311867214.636988401 -0.603983671 -0.575734679 -0.141133258 0.005753282 0.031251542 -0.109402755 0.993489445
1311867214.669101477 -0.604320487 -0.573696942 -0.144218236 0.005660943 0.032120843 -0.109174833 0.993487323
1311867214.704889774 -0.592419858 -0.582634679 -0.146873904 0.004366545 0.030126278 -0.107857320 0.993700226
1311867214.736963272 -0.600739035 -0.570557383 -0.148550827 0.006494553 0.032042525 -0.108324603 0.993577817
1311867214.769505978 -0.598545243 -0.567870221 -0.151230371 0.006135124 0.031990014 -0.107415344 0.993680504
1311867214.804992914 -0.598535152 -0.567030528 -0.150095845 0.006309574 0.031935368 -0.107226778 0.993701534
1311867214.836918354 -0.595656469 -0.565628216 -0.151532198 0.007647783 0.031250076 -0.106869188 0.993752444
1311867214.869997501 -0.591645481 -0.554250789 -0.153933971 0.008952123 0.030790403 -0.106362294 0.993810280
1311867214.904983521 -0.590350725 -0.547201801 -0.148005365 0.008959958 0.030935466 -0.105548874 0.993892424
1311867214.937253237 -0.589939181 -0.551077599 -0.155350013 0.009047714 0.031060727 -0.107576589 0.993670291
1311867214.969304085 -0.584889498 -0.544358611 -0.163111083 0.009779954 0.031430031 -0.107803827 0.993627113
1311867215.005064011 -0.586105077 -0.539059048 -0.162810340 0.008855022 0.031585488 -0.107396111 0.993675008
1311867215.037106514 -0.585318016 -0.539939670 -0.166228923 0.008283928 0.030768233 -0.108087273 0.993630632
1311867215.069290400 -0.574037398 -0.528944535 -0.160416403 0.009713401 0.029046641 -0.107216287 0.993763860
1311867215.105004072 -0.573547714 -0.524412500 -0.163694192 0.007891361 0.029824679 -0.107956055 0.993676862
1311867215.136913776 -0.566461262 -0.528725656 -0.165178393 0.004727315 0.028332173 -0.106473773 0.993900536
1311867215.169446230 -0.573667623 -0.519113541 -0.165800538 0.005399819 0.030216542 -0.108116819 0.993664207
1311867215.204946280 -0.570979992 -0.512911882 -0.164294543 0.004707738 0.030024732 -0.108889025 0.993589217
1311867215.236950636 -0.573175784 -0.518930724 -0.166933007 0.002593456 0.030517095 -0.110172113 0.993440530
1311867215.269082069 -0.568444846 -0.506497209 -0.160777571 0.004592961 0.029697811 -0.108455987 0.993646941
1311867215.304957390 -0.567611736 -0.510933764 -0.168579437 0.002919637 0.029149679 -0.108233117 0.993693798
1311867215.336961508 -0.568863859 -0.508740644 -0.167499697 0.003274864 0.029685786 -0.108843093 0.993610190
1311867215.369183779 -0.564450512 -0.501496913 -0.169717255 0.004900047 0.029106727 -0.108989533 0.993604584
1311867215.404951811 -0.559562870 -0.497164289 -0.174164366 0.004844461 0.028901168 -0.107486844 0.993774538
1311867215.437035084 -0.558301865 -0.498215780 -0.176908905 0.003837417 0.029108031 -0.107982481 0.993719166
1311867215.469089746 -0.555526452 -0.492672423 -0.177260393 0.004689892 0.029360791 -0.108307074 0.993672746
1311867215.504980564 -0.549909924 -0.488048729 -0.178008120 0.005171223 0.029829329 -0.108472102 0.993638401
1311867215.537122965 -0.554843570 -0.483643458 -0.178124839 0.004614127 0.031072810 -0.108378909 0.993613206
1311867215.569034100 -0.555022314 -0.484835581 -0.176518206 0.004512431 0.031222140 -0.108326596 0.993614696
1311867215.605085373 -0.537871262 -0.479338227 -0.184749814 0.005453114 0.029311989 -0.107347724 0.993774389
1311867215.637055397 -0.538538251 -0.468265900 -0.182766514 0.005062732 0.030545823 -0.105691645 0.993916796
1311867215.668922186 -0.541535909 -0.465869462 -0.174266610 0.004440865 0.030786118 -0.105155618 0.993969210
1311867215.704950809 -0.537447138 -0.459105885 -0.178419851 0.005417351 0.029782490 -0.103774522 0.994140083
1311867215.738883018 -0.536288570 -0.452770066 -0.186123267 0.005395853 0.030332078 -0.104418088 0.994056192
1311867215.769199371 -0.536584970 -0.452940431 -0.179391874 0.003983290 0.030346883 -0.103834107 0.994123573
1311867215.837334871 -0.532352057 -0.447130749 -0.180688464 0.005401808 0.029412804 -0.103667562 0.994162333
1311867215.869166851 -0.530786228 -0.446714188 -0.188466461 0.004817096 0.029232143 -0.104049610 0.994130754
1311867215.905275822 -0.532622001 -0.453952567 -0.192879253 0.004317859 0.029176218 -0.105762114 0.993953963
1311867215.937088490 -0.527477462 -0.445413880 -0.194190396 0.006224289 0.029110746 -0.104389667 0.994090851
1311867215.970287085 -0.535303105 -0.446941013 -0.195185593 0.005234408 0.030462982 -0.105111097 0.993980012
1311867216.036968231 -0.525456910 -0.444711706 -0.197658159 0.005254159 0.028691384 -0.103426820 0.994209279
1311867216.069483042 -0.521739762 -0.436561146 -0.197704573 0.005954631 0.028615605 -0.103257269 0.994225138
1311867216.139295578 -0.529160725 -0.431818511 -0.186897221 0.004300573 0.030331924 -0.103418536 0.994166025
1311867216.169209003 -0.518702617 -0.421926963 -0.192763394 0.005088831 0.028630682 -0.102055909 0.994353548
1311867216.204961061 -0.507512238 -0.425877733 -0.205256265 0.002761683 0.027697538 -0.102701079 0.994322738
1311867216.237022638 -0.517203261 -0.418845950 -0.199017114 0.002424176 0.030463420 -0.102309305 0.994283113
1311867216.305047989 -0.501311994 -0.404360408 -0.204688699 0.001743303 0.026976498 -0.100620412 0.994557571
1311867216.339541674 -0.502453340 -0.399092638 -0.197587566 0.001216744 0.027680604 -0.101468330 0.994452855
1311867216.405512333 -0.496140016 -0.393085130 -0.200885485 -0.000877576 0.026747354 -0.099570397 0.994670571
1311867216.437341213 -0.502187623 -0.372989999 -0.198821884 0.002461044 0.027877207 -0.098602010 0.994733355
1311867216.469752550 -0.489340315 -0.378516229 -0.197998596 -0.000389815 0.024993477 -0.096252057 0.995043072
1311867216.537226439 -0.482861026 -0.368570472 -0.198332973 0.000670496 0.025007784 -0.097185825 0.994951796
1311867216.569332361 -0.490740157 -0.377133030 -0.198029309 -0.001550839 0.026364288 -0.098145026 0.994821629
1311867216.637314081 -0.495474924 -0.363448690 -0.196657801 -0.000323155 0.028653300 -0.098173171 0.994756710
1311867216.669118643 -0.483778122 -0.367723898 -0.198071873 -0.000182527 0.026307993 -0.098653344 0.994774032
1311867216.705235958 -0.460609237 -0.375097268 -0.208126442 -0.002164272 0.022539979 -0.096839453 0.995042404
1311867216.769195318 -0.473135306 -0.366109706 -0.203886899 -0.001646930 0.025079058 -0.096739388 0.994992371
1311867216.805001974 -0.480280381 -0.355085240 -0.203892563 0.000578885 0.027541173 -0.097968636 0.994808170
1311867216.837963343 -0.474596686 -0.363033122 -0.206258061 -0.001791241 0.026973082 -0.097162959 0.994901304
1311867216.904959202 -0.464094233 -0.353894988 -0.208832656 0.000581504 0.024778038 -0.096442106 0.995029965
1311867216.937407255 -0.475681855 -0.360281998 -0.203205996 -0.001483574 0.028179398 -0.097304965 0.994854494
1311867217.005326986 -0.466982587 -0.330301933 -0.210341108 0.003898262 0.027613154 -0.096697370 0.994923080
1311867217.037311077 -0.450196707 -0.348719071 -0.214992185 -0.000309862 0.024816148 -0.096083243 0.995063854
1311867217.105257750 -0.457146544 -0.334328365 -0.208671869 0.001856273 0.026919361 -0.097094698 0.994909303
1311867217.137084723 -0.457135522 -0.349077191 -0.207905008 -0.001132275 0.026759255 -0.096715980 0.994951597
1311867217.169189215 -0.439975571 -0.333228023 -0.216168214 0.002360409 0.024045932 -0.094715129 0.995211167
1311867217.237168312 -0.455547944 -0.337913234 -0.219894487 0.000687118 0.026790437 -0.097714829 0.994853563
1311867217.269227743 -0.451411520 -0.323648627 -0.208113951 0.003486327 0.025579080 -0.096220475 0.995025214
1311867217.305164337 -0.443490696 -0.322606034 -0.219290056 0.002766353 0.025014793 -0.095762921 0.995085961
1311867217.337404966 -0.440511141 -0.312094228 -0.220773810 0.003976668 0.023969978 -0.094623927 0.995216529
1311867217.437282324 -0.431228953 -0.318152770 -0.215516832 -0.001049131 0.021182136 -0.096026391 0.995152827
1311867217.505032539 -0.428521711 -0.316833364 -0.223538696 -0.002899170 0.020850124 -0.095143421 0.995240974
1311867217.537067413 -0.438088968 -0.306159093 -0.216653385 -0.001442076 0.022640318 -0.096080844 0.995114972
1311867217.569153547 -0.419424731 -0.303177732 -0.216254849 -0.002205431 0.019306317 -0.092753060 0.995499509
1311867217.605053663 -0.432289289 -0.299499967 -0.217733913 -0.002707797 0.021177603 -0.092850585 0.995451127
1311867217.669099808 -0.423558467 -0.292162381 -0.219915767 -0.005288400 0.017142740 -0.090567692 0.995728704
1311867217.705062628 -0.416784930 -0.293572163 -0.222430338 -0.006938111 0.015959433 -0.090200471 0.995771577
1311867217.737154007 -0.399821981 -0.296399248 -0.223789309 -0.007773113 0.012658804 -0.088632619 0.995953610
1311867217.805183649 -0.416444469 -0.284702959 -0.219439684 -0.006924034 0.016437767 -0.087711664 0.995986205
1311867217.837226868 -0.426461909 -0.290451277 -0.217746034 -0.007196779 0.018893117 -0.088861347 0.995838801
1311867217.869084597 -0.399549343 -0.279803726 -0.223672364 -0.005568647 0.014093588 -0.086124414 0.996169135
1311867217.905635357 -0.402589786 -0.275392979 -0.225749952 -0.005914571 0.014482848 -0.084269300 0.996320205
1311867217.971093416 -0.404351770 -0.269197219 -0.229836095 -0.006273853 0.014929756 -0.085195807 0.996232611
1311867218.005224228 -0.392212188 -0.268176257 -0.227689241 -0.006984433 0.012915253 -0.083938160 0.996362785
1311867218.037143946 -0.411494971 -0.270781903 -0.225833935 -0.007761572 0.016765993 -0.086668925 0.996065840
1311867218.071084976 -0.424532019 -0.250409084 -0.221780321 -0.004571029 0.019418118 -0.086405781 0.996060281
1311867218.105098486 -0.410797867 -0.258775216 -0.226649453 -0.007161524 0.016630449 -0.084627612 0.996248116
1311867218.171200991 -0.389412905 -0.253215211 -0.230023379 -0.007645477 0.013182379 -0.083502935 0.996391003
1311867218.205034971 -0.392692794 -0.251825690 -0.227418459 -0.008719153 0.013632850 -0.084945661 0.996254163
1311867218.237243891 -0.392225831 -0.250934625 -0.226712751 -0.009222432 0.014112438 -0.086021117 0.996150668
1311867218.305132866 -0.380639131 -0.253525351 -0.231265942 -0.010879948 0.012733479 -0.087104462 0.996058381
1311867218.337364435 -0.375747259 -0.250656851 -0.234491227 -0.009840284 0.012339110 -0.088154874 0.995981743
1311867218.373471498 -0.369389853 -0.246960749 -0.237209838 -0.009699124 0.011461691 -0.087843906 0.996021087
1311867218.405269146 -0.370588229 -0.253495140 -0.241855874 -0.012011391 0.011814762 -0.090396682 0.995763314
1311867218.472952604 -0.362743359 -0.256750625 -0.245654537 -0.009631916 0.011015746 -0.091472087 0.995700124
1311867218.505116701 -0.355955142 -0.235308362 -0.238178601 -0.006351245 0.009068092 -0.088900679 0.995978966
1311867218.537272930 -0.403562747 -0.215906889 -0.228750197 -0.003812810 0.017700529 -0.092297237 0.995566861
1311867218.571457624 -0.365479741 -0.235137520 -0.236438433 -0.007779616 0.010418814 -0.089554285 0.995897061
1311867218.605932474 -0.351475869 -0.233943282 -0.237974220 -0.009136400 0.008132351 -0.088172938 0.996030082
1311867218.671050549 -0.352529550 -0.228941635 -0.237679547 -0.010306288 0.007551173 -0.088939698 0.995955064
1311867218.737848997 -0.372594173 -0.221801600 -0.230325744 -0.011938850 0.012451459 -0.091814428 0.995626705
1311867218.771584749 -0.357114640 -0.233347818 -0.234595688 -0.014071575 0.009471117 -0.090619830 0.995741098
1311867218.805241823 -0.349502026 -0.209538081 -0.237473943 -0.011010427 0.008382356 -0.089453041 0.995894904
1311867218.837996006 -0.368016174 -0.208768684 -0.229498861 -0.012442149 0.011571804 -0.089996115 0.995797161
1311867218.905486345 -0.355437291 -0.209403832 -0.230361670 -0.013971443 0.008382712 -0.087824891 0.996002669
1311867218.937219858 -0.348789303 -0.214977917 -0.233498890 -0.016411806 0.006793720 -0.088166894 0.995947336
1311867218.973160744 -0.345277953 -0.197515684 -0.237593869 -0.013225401 0.006135115 -0.088475573 0.995971647
1311867219.005183458 -0.346509252 -0.209525994 -0.233442074 -0.017263075 0.006046290 -0.087536311 0.995993385
1311867219.073836565 -0.333845096 -0.195503013 -0.232229835 -0.017149297 0.004082043 -0.086447180 0.996100459
1311867219.105080366 -0.326487317 -0.204701027 -0.232748550 -0.020221268 0.002637283 -0.084874267 0.996182967
1311867219.138326645 -0.340192533 -0.191742489 -0.230256026 -0.018847243 0.006087683 -0.086055243 0.996093478
1311867219.205244780 -0.307146396 -0.200624965 -0.237911486 -0.023164401 0.000651235 -0.081960082 0.996366163
1311867219.239133596 -0.300092470 -0.188834748 -0.241770227 -0.022281145 -0.001032555 -0.081401013 0.996431814
1311867219.270902157 -0.321776166 -0.195648454 -0.233127115 -0.024373345 0.002309603 -0.082053557 0.996327165
1311867219.305242300 -0.347841779 -0.178524451 -0.225467508 -0.021647560 0.007833817 -0.084132775 0.996188582
1311867219.371495485 -0.346897350 -0.172248738 -0.220526396 -0.022443097 0.008336680 -0.081702907 0.996369129
1311867219.405197620 -0.330035655 -0.181515906 -0.228402764 -0.025119051 0.004687361 -0.081488473 0.996346672
1311867219.439478874 -0.307338401 -0.169235701 -0.239078472 -0.023197021 0.001352798 -0.081669738 0.996388540
1311867219.471709251 -0.328664627 -0.178774903 -0.234884221 -0.026301158 0.006568185 -0.085164868 0.995998019
1311867219.539179564 -0.332777779 -0.165322651 -0.234630877 -0.025354989 0.008297668 -0.082231130 0.996256149
1311867219.574333191 -0.306917625 -0.171980165 -0.238223475 -0.028384622 0.003611105 -0.081832670 0.996235257
1311867219.608604193 -0.316568897 -0.168648761 -0.233170112 -0.028047188 0.006578026 -0.083571179 0.996085309
1311867219.671103239 -0.290012483 -0.163093085 -0.237251598 -0.029028875 0.002649923 -0.081121694 0.996277859
1311867219.705286980 -0.314305910 -0.173781757 -0.232099579 -0.030214974 0.007920918 -0.083639906 0.996006366
1311867219.739499092 -0.310624455 -0.167563967 -0.234713786 -0.028392739 0.008707536 -0.084696008 0.995964165
1311867219.773963213 -0.282780235 -0.170827765 -0.241693075 -0.030564009 0.004154268 -0.079935498 0.996322688
1311867219.839720964 -0.279024738 -0.141611145 -0.248229686 -0.025228282 0.004813202 -0.081397700 0.996350732
1311867219.875308037 -0.289147047 -0.149659403 -0.239674273 -0.028306088 0.007671654 -0.079733474 0.996384707
1311867219.910838604 -0.288087268 -0.142977069 -0.246722839 -0.027597204 0.007850385 -0.079893994 0.996390343
1311867219.941762447 -0.264066794 -0.152997848 -0.248526380 -0.030867550 0.002803232 -0.077798447 0.996487199
1311867220.006868124 -0.291501457 -0.157557364 -0.242029997 -0.032565107 0.009885130 -0.082375821 0.996020091
1311867220.042193890 -0.273562063 -0.128644123 -0.243388442 -0.028484629 0.006747239 -0.077786656 0.996540183
1311867220.074364901 -0.266168410 -0.139013478 -0.238812052 -0.031683392 0.004313374 -0.077794936 0.996456474
1311867220.142092466 -0.271837353 -0.135534770 -0.239996351 -0.033371720 0.006419750 -0.079426850 0.996261256
1311867220.171408653 -0.260132246 -0.120699362 -0.242173656 -0.032121000 0.004117896 -0.076271002 0.996561096
1311867220.206176758 -0.258716665 -0.120405353 -0.242531490 -0.033510160 0.003267015 -0.075349031 0.996588641
1311867220.274110794 -0.256730168 -0.123229456 -0.249637733 -0.035252162 0.003543270 -0.078467842 0.996286870
1311867220.306448936 -0.267140582 -0.118354087 -0.245362799 -0.035369622 0.005215987 -0.076905099 0.996397204
1311867220.342052937 -0.240229922 -0.101329705 -0.257884551 -0.032864541 0.000524838 -0.078001466 0.996411269
1311867220.406370640 -0.241541822 -0.096013169 -0.253659357 -0.033364525 0.002013216 -0.077154753 0.996458679
1311867220.440876722 -0.231518412 -0.099144786 -0.254070857 -0.036062263 -0.000578783 -0.075776797 0.996472305
1311867220.472868443 -0.223412884 -0.087384389 -0.257824574 -0.034990740 -0.002038295 -0.075854188 0.996502702
1311867220.509079695 -0.243899418 -0.086191761 -0.251953288 -0.035748681 0.001909019 -0.074901310 0.996548133
1311867220.571621418 -0.222123931 -0.070788327 -0.264085366 -0.034273711 -0.001567518 -0.073550679 0.996701135
1311867220.610419273 -0.224506024 -0.086365497 -0.259855124 -0.037096318 -0.001517980 -0.072573820 0.996671761
1311867220.639667273 -0.230202771 -0.075253290 -0.254015459 -0.034781855 -0.000353584 -0.072432384 0.996766596
1311867220.671278954 -0.201493211 -0.081324502 -0.262632943 -0.035480420 -0.005158848 -0.072593229 0.996716985
1311867220.707326651 -0.221838146 -0.077916663 -0.254396997 -0.034735577 -0.001184634 -0.072886860 0.996734439
1311867220.771913767 -0.155537795 -0.059511268 -0.272875122 -0.029773527 -0.012538986 -0.072164000 0.996869434
1311867220.809727192 -0.206582136 -0.079602000 -0.268284029 -0.033447967 -0.002930452 -0.073510870 0.996729049
1311867220.841416597 -0.176934580 -0.055496247 -0.271779972 -0.028927477 -0.008567756 -0.070946569 0.997023760
1311867220.871239662 -0.180813435 -0.052095755 -0.265598195 -0.029274991 -0.007625269 -0.070930843 0.997022390
1311867220.907590151 -0.188762718 -0.073563383 -0.264274898 -0.033021762 -0.006781330 -0.072834296 0.996774168
1311867220.971313000 -0.189633565 -0.071794711 -0.266345479 -0.031989385 -0.007698188 -0.072796294 0.996803951
1311867221.008954763 -0.190262571 -0.058454368 -0.268362627 -0.029655723 -0.007171511 -0.072368392 0.996911191
1311867221.039287567 -0.178728725 -0.045122339 -0.257443465 -0.026445768 -0.011218340 -0.070911364 0.997068879
1311867221.072098494 -0.175430145 -0.033608811 -0.261705115 -0.023964718 -0.012573998 -0.072176943 0.997024611
1311867221.107749939 -0.183028815 -0.042846227 -0.271004144 -0.026865184 -0.011107128 -0.074061912 0.996829838
1311867221.139766455 -0.172999385 -0.030510816 -0.258121425 -0.024437450 -0.014257825 -0.073417255 0.996899911
1311867221.208397150 -0.145559629 -0.046486407 -0.272929158 -0.028678458 -0.020907125 -0.075111240 0.996543396
1311867221.239749908 -0.160268722 -0.048033347 -0.270047442 -0.030377192 -0.018487781 -0.075528520 0.996509343
1311867221.271979570 -0.149047595 -0.024100622 -0.278505157 -0.025458089 -0.020645972 -0.075276204 0.996623862
1311867221.307576180 -0.134957472 -0.018622711 -0.284597897 -0.024739768 -0.024058998 -0.074717579 0.996607441
1311867221.371416330 -0.142257303 -0.021728109 -0.284999136 -0.025182942 -0.023212058 -0.075975420 0.996521327
1311867221.407147169 -0.128412562 -0.001659772 -0.275722935 -0.020784270 -0.026261916 -0.075469260 0.996585529
1311867221.440005779 -0.111558935 -0.006804165 -0.279236057 -0.022435303 -0.027834837 -0.076463543 0.996431235
1311867221.508152723 -0.121448090 0.003470700 -0.286869333 -0.022299175 -0.022190840 -0.073958298 0.996765009
1311867221.539674997 -0.127350119 0.006383994 -0.292544928 -0.022258970 -0.019400135 -0.071856903 0.996977812
1311867221.571271896 -0.121908522 0.007576265 -0.291300039 -0.022638608 -0.019681281 -0.071296375 0.997003996
1311867221.607167959 -0.126974946 0.005056723 -0.289878641 -0.022105487 -0.017480017 -0.073049706 0.996930056
1311867221.640369892 -0.129936914 0.002328713 -0.279773874 -0.022991886 -0.016744009 -0.070994392 0.997071115
1311867221.707171440 -0.140139772 0.048888508 -0.279484920 -0.015315351 -0.013314907 -0.069201666 0.997396252
1311867221.742382288 -0.127019400 0.052123906 -0.287247622 -0.015837188 -0.015355803 -0.067258160 0.997491716
1311867221.769386053 -0.130715565 0.051615694 -0.295355172 -0.017441539 -0.013815767 -0.065265307 0.997619846
1311867221.807421923 -0.124741023 0.053501021 -0.308091386 -0.020287178 -0.014093540 -0.062716451 0.997725638
1311867221.869580030 -0.091688190 0.056474654 -0.316880277 -0.019137955 -0.018861569 -0.062435027 0.997687249
1311867221.907739162 -0.125984251 0.063646869 -0.313175752 -0.018142089 -0.011605315 -0.062668891 0.997801980
1311867221.942361355 -0.110125036 0.064624287 -0.319845541 -0.017699411 -0.014611571 -0.065211065 0.997607513
1311867221.969577551 -0.126504085 0.097790673 -0.318043972 -0.011796699 -0.011788062 -0.065786740 0.997694334
1311867222.042876005 -0.149032548 0.069560306 -0.315174788 -0.018491652 -0.008379203 -0.068649343 0.997434266
1311867222.069362164 -0.149343766 0.094797056 -0.328422146 -0.014911798 -0.008548543 -0.066209414 0.997657694
1311867222.111093760 -0.138464101 0.098679787 -0.322019388 -0.015637929 -0.011388417 -0.069793598 0.997373858
1311867222.140682697 -0.123736430 0.094923838 -0.321675218 -0.018891564 -0.014788376 -0.069139377 0.997318484
1311867222.208159685 -0.098981463 0.120721902 -0.325738537 -0.018152880 -0.020814260 -0.066801853 0.997383954
1311867222.240072966 -0.118583928 0.122590455 -0.326737892 -0.020752569 -0.017238399 -0.069026107 0.997250001
1311867222.269681215 -0.108662954 0.127554912 -0.321344521 -0.020814328 -0.020739935 -0.067829643 0.997264137
1311867222.339630365 -0.086189987 0.136495287 -0.319041349 -0.024489346 -0.027117819 -0.067833055 0.997027368
1311867222.369496107 -0.090993439 0.124517400 -0.322226115 -0.027767269 -0.026367953 -0.070886154 0.996749147
1311867222.443635702 -0.071600044 0.143006179 -0.324209930 -0.029176440 -0.032310855 -0.067946926 0.996738661
1311867222.469409466 -0.056442988 0.157819542 -0.314109792 -0.028945300 -0.035599438 -0.066565915 0.996726557
1311867222.508688450 -0.090017988 0.172999272 -0.308917456 -0.028169905 -0.029672278 -0.068315387 0.996824468
1311867222.569671154 -0.087201617 0.170791537 -0.305975780 -0.032736321 -0.031801467 -0.066126503 0.996766916
1311867222.608424187 -0.066114799 0.172245590 -0.309811008 -0.033537345 -0.036623222 -0.062812475 0.996789135
1311867222.643296480 -0.082044092 0.175979513 -0.305207254 -0.034554095 -0.032979951 -0.063008969 0.996869203
1311867222.708010674 -0.092564040 0.198058395 -0.301083049 -0.030723099 -0.031869614 -0.061030618 0.997153791
1311867222.739992142 -0.077991570 0.176232350 -0.300755884 -0.035608920 -0.035462156 -0.060793980 0.996884413
1311867222.769456625 -0.076715833 0.196397848 -0.293706152 -0.032400796 -0.036771115 -0.058186905 0.997101979
1311867222.840257883 -0.064484957 0.198852570 -0.292984681 -0.031886231 -0.040597762 -0.056480379 0.997068231
1311867222.869498730 -0.058495468 0.212540714 -0.307035493 -0.030663436 -0.041608816 -0.053212065 0.997244672
1311867222.908231735 -0.048364584 0.172552373 -0.298546673 -0.037502618 -0.044965207 -0.053556392 0.996846727
1311867222.937590837 -0.072208663 0.199430897 -0.289282601 -0.032068725 -0.040608620 -0.053718122 0.997214571
1311867223.007823944 -0.052326250 0.189924570 -0.289320967 -0.034012087 -0.045481127 -0.050881502 0.997088621
1311867223.037495136 -0.043748607 0.210912430 -0.296820682 -0.030129023 -0.046002853 -0.050067511 0.997230778
1311867223.069416523 -0.063751159 0.205183776 -0.298044627 -0.031750480 -0.042313156 -0.048656319 0.997413689
1311867223.138135433 -0.057843464 0.214707570 -0.292556412 -0.029880858 -0.043629746 -0.047409733 0.997474760
1311867223.175851583 -0.045329205 0.211906554 -0.296665308 -0.031526552 -0.045188612 -0.046385173 0.997402868
1311867223.208001852 -0.046123921 0.221606198 -0.292920240 -0.030740516 -0.045813501 -0.043385326 0.997533888
1311867223.277936459 -0.035946536 0.215625256 -0.291946959 -0.034134034 -0.049777401 -0.042716788 0.997262430
1311867223.308588982 -0.063542644 0.239392717 -0.287153295 -0.030852485 -0.043725896 -0.042992209 0.997641138
1311867223.337624550 -0.068272201 0.244486789 -0.283547632 -0.031308310 -0.042692503 -0.043456025 0.997651599
1311867223.407361269 -0.079283518 0.267582408 -0.279402791 -0.030844486 -0.042105866 -0.038668222 0.997888011
1311867223.437561512 -0.069820895 0.247946644 -0.281980098 -0.034172425 -0.043277653 -0.040614368 0.997652125
1311867223.507731915 -0.091081371 0.267010321 -0.281652519 -0.031817819 -0.039578883 -0.039929411 0.997911209
1311867223.537549973 -0.073608146 0.250088699 -0.285927013 -0.035970225 -0.043515595 -0.038627607 0.997657478
1311867223.575918913 -0.086069358 0.263056772 -0.283613396 -0.033119077 -0.041643389 -0.037502575 0.997879007
1311867223.637448549 -0.046351848 0.271274395 -0.293354837 -0.033565513 -0.049242436 -0.035356223 0.997596349
1311867223.675382614 -0.066458413 0.277227550 -0.292892759 -0.031631482 -0.045022651 -0.037357554 0.997785961
1311867223.708839417 -0.057755258 0.289271156 -0.293871999 -0.031103335 -0.046452627 -0.035527151 0.997803867
1311867223.776065588 -0.070543857 0.299891455 -0.287440254 -0.031103709 -0.043786685 -0.036357203 0.997894503
1311867223.807749748 -0.054272245 0.298154904 -0.292378829 -0.033790187 -0.046461499 -0.033981164 0.997769930
1311867223.876077175 -0.065736418 0.302187694 -0.289626640 -0.035162410 -0.043729580 -0.035550692 0.997791299
1311867223.907812595 -0.056578179 0.322179411 -0.292042256 -0.033481394 -0.044744962 -0.033330834 0.997880724
1311867223.976046324 -0.055263961 0.308329237 -0.295128614 -0.038481512 -0.043128248 -0.035635428 0.997691958
1311867224.009213209 -0.044522977 0.323189756 -0.300248598 -0.036971027 -0.044454850 -0.034277280 0.997738431
1311867224.076132536 -0.060008947 0.337440171 -0.295041233 -0.034972206 -0.039573662 -0.033584656 0.998039549
1311867224.108128071 -0.047387840 0.324499717 -0.302482006 -0.038025155 -0.041375510 -0.034125375 0.997836466
1311867224.176887751 -0.035877700 0.336916275 -0.300070685 -0.035839323 -0.041622611 -0.032812283 0.997951129
1311867224.237792015 -0.022342356 0.354243028 -0.309645674 -0.033544076 -0.043373356 -0.029752003 0.998052286
1311867224.276854515 0.010632479 0.353482804 -0.309997904 -0.034733959 -0.048171612 -0.030132199 0.997780085
1311867224.337545633 -0.029830397 0.383399454 -0.308298319 -0.027660927 -0.039719002 -0.028635515 0.998417388
1311867224.376912594 -0.029837047 0.400799600 -0.305884428 -0.023945757 -0.039161622 -0.028331046 0.998544100
1311867224.437516451 -0.042018780 0.393427858 -0.311912685 -0.021722597 -0.035223139 -0.032027821 0.998629900
1311867224.477685690 -0.041105283 0.405154544 -0.306330327 -0.018890731 -0.035553701 -0.030557993 0.998721825
1311867224.537809134 -0.016851828 0.393478987 -0.309530898 -0.016213878 -0.039560546 -0.029424217 0.998652236
1311867224.585911989 -0.006519982 0.402399991 -0.319459964 -0.013876460 -0.040486458 -0.028319741 0.998682273
1311867224.637806177 -0.012277671 0.407833837 -0.320814539 -0.013005362 -0.039174764 -0.030554253 0.998680447
1311867224.678501129 -0.014445528 0.422787234 -0.316250133 -0.009154350 -0.039246374 -0.030074215 0.998734931
1311867224.705493212 -0.015983252 0.415860679 -0.319019466 -0.012064596 -0.039121933 -0.029083144 0.998738249
1311867224.786626339 -0.030276492 0.403890270 -0.321342814 -0.014460636 -0.036295400 -0.032776629 0.998698767
1311867224.805653811 -0.015237246 0.428980948 -0.323786361 -0.010032038 -0.038723122 -0.032283713 0.998677946
1311867224.877943039 -0.040876259 0.444822548 -0.313715260 -0.009287145 -0.034416141 -0.029764453 0.998921096
1311867224.937570333 -0.022973812 0.458069032 -0.311744936 -0.009336020 -0.037158551 -0.028426985 0.998861345
1311867224.979735374 -0.020613862 0.452622459 -0.315234212 -0.009989419 -0.037327832 -0.027833927 0.998865415
1311867225.006618261 -0.028986874 0.471858490 -0.309273581 -0.005317632 -0.035778169 -0.025670404 0.999015854
1311867225.079868555 -0.021967791 0.479476648 -0.308643076 -0.007128560 -0.036612761 -0.024478161 0.999004259
1311867225.105549335 -0.011976465 0.488086837 -0.309581308 -0.006367030 -0.038484563 -0.022624286 0.998982753
1311867225.180820465 -0.015520581 0.486655424 -0.303997700 -0.009515034 -0.038118313 -0.022033401 0.998984979
1311867225.205557346 -0.017055882 0.489751411 -0.307303000 -0.009750022 -0.036778342 -0.022838701 0.999014857
1311867225.237668276 -0.014979244 0.485995669 -0.307268053 -0.010306222 -0.036538099 -0.022340339 0.999029358
1311867225.305776834 -0.014863249 0.499827421 -0.303373345 -0.007725204 -0.035633486 -0.020767170 0.999119262
1311867225.337675810 -0.020591626 0.502498749 -0.309880582 -0.006505774 -0.034901520 -0.019972097 0.999169993
1311867225.405581713 -0.008354859 0.514260939 -0.308132163 -0.003454124 -0.037934489 -0.019179325 0.999090185
1311867225.437602282 -0.012238128 0.508893353 -0.309967459 -0.004099664 -0.037769566 -0.018236768 0.999111642
1311867225.473714113 -0.023788435 0.521286804 -0.301201285 -0.000618738 -0.035938144 -0.017557752 0.999199576
1311867225.537795305 -0.010998666 0.534750929 -0.304589700 0.004425415 -0.037433483 -0.016751599 0.999148905
1311867225.573787928 -0.022015936 0.534867969 -0.304825869 0.005585063 -0.036507591 -0.016752709 0.999177336
1311867225.605520487 -0.038716992 0.532886834 -0.299773932 0.007043670 -0.034753034 -0.018999776 0.999190483
1311867225.673805714 -0.023407313 0.537216219 -0.312571612 0.011880592 -0.037095883 -0.022683427 0.998983588
1311867225.705641747 -0.035998787 0.538636836 -0.309132065 0.014273899 -0.034394282 -0.026450133 0.998956295
1311867225.737746716 -0.029281655 0.536385645 -0.316417560 0.016684899 -0.035984505 -0.026399029 0.998864265
1311867225.805618286 -0.039106950 0.557269469 -0.316786662 0.020160126 -0.036767194 -0.026012839 0.998781795
1311867225.837804317 -0.057767215 0.553851795 -0.315201954 0.019782696 -0.035112155 -0.024312076 0.998891738
1311867225.873777866 -0.053915706 0.572335017 -0.308963684 0.022803184 -0.036553636 -0.023638916 0.998791794
1311867225.937903881 -0.052574611 0.573570772 -0.319002413 0.021210973 -0.040204364 -0.023017059 0.998701116
1311867225.973590612 -0.058486423 0.567255318 -0.319772988 0.020280023 -0.040342134 -0.022662846 0.998722999
1311867226.037807703 -0.065452512 0.561902389 -0.324176607 0.018887928 -0.040411074 -0.021786464 0.998767010
1311867226.073736906 -0.053062493 0.575788822 -0.325455521 0.019813408 -0.043928784 -0.021402255 0.998608849
1311867226.137701750 -0.053379038 0.587553407 -0.322493809 0.022259797 -0.045911223 -0.019470356 0.998507670
1311867226.173782349 -0.061726560 0.585023280 -0.321102536 0.020768763 -0.044893374 -0.019628656 0.998582976
1311867226.205651760 -0.049236747 0.606777027 -0.320131935 0.024671479 -0.047258100 -0.018871943 0.998399639
1311867226.273638725 -0.037086694 0.621568059 -0.321653804 0.028027606 -0.049244506 -0.018080939 0.998229689
1311867226.337609053 -0.037883718 0.631829531 -0.322649972 0.029414380 -0.048233711 -0.013834734 0.998307019
1311867226.373734236 -0.038696955 0.653927503 -0.318789059 0.031959731 -0.048536899 -0.011711537 0.998241246
1311867226.437643528 -0.033939753 0.642666478 -0.325931563 0.027691185 -0.050160052 -0.011958981 0.998285606
1311867226.473716736 -0.052211793 0.651436401 -0.316303348 0.028193380 -0.047119418 -0.010635294 0.998434667
1311867226.537741423 -0.051388020 0.651532040 -0.321002940 0.026086188 -0.047391862 -0.011309269 0.998471643
1311867226.573767185 -0.048700075 0.653858236 -0.324260099 0.025692271 -0.047434966 -0.012512800 0.998465453
1311867226.605612516 -0.045483878 0.665748526 -0.321222913 0.026302778 -0.048578982 -0.011303240 0.998408976
1311867226.673675776 -0.042499163 0.667582538 -0.328824527 0.025472464 -0.049004167 -0.011681074 0.998405377
1311867226.705658436 -0.043328180 0.653561896 -0.329657857 0.021873832 -0.048962163 -0.014309256 0.998458556
1311867226.773860693 -0.034682059 0.673739213 -0.335179525 0.026308632 -0.051584954 -0.013259783 0.998233954
1311867226.805636883 -0.051311429 0.682746141 -0.326141512 0.026151246 -0.049958724 -0.010746176 0.998351019
1311867226.873820305 -0.048277000 0.683535507 -0.325998241 0.025786486 -0.052266139 -0.010418329 0.998245845
1311867226.905774355 -0.052609800 0.686649586 -0.328943155 0.025221323 -0.051120223 -0.011713909 0.998305260
1311867226.973631144 -0.053239904 0.686306286 -0.331590619 0.024166995 -0.051190957 -0.010626526 0.998339882
1311867227.005676031 -0.040589049 0.697482806 -0.334373024 0.024504101 -0.052853554 -0.011630041 0.998233837
1311867227.073658705 -0.029142197 0.708786793 -0.333106028 0.025113537 -0.055747874 -0.009861813 0.998080272
1311867227.105662346 -0.039794544 0.703302642 -0.332038029 0.022117978 -0.052465182 -0.011434455 0.998312302
1311867227.137792587 -0.045663403 0.719585571 -0.327676552 0.024713106 -0.050964830 -0.009614037 0.998348345
1311867227.205748558 -0.035980698 0.714912087 -0.334430476 0.020696285 -0.051555988 -0.009780355 0.998407727
1311867227.237946987 -0.036760584 0.710782441 -0.335550303 0.020294023 -0.051787545 -0.011208818 0.998388985
1311867227.305822134 -0.038260246 0.732360755 -0.324981459 0.023587536 -0.052150847 -0.009310523 0.998317200
1311867227.337747574 -0.017693640 0.731674607 -0.329574322 0.023049187 -0.056164537 -0.010465702 0.998100571
1311867227.373775959 -0.066098099 0.700503639 -0.329632596 0.016130211 -0.047628047 -0.011362049 0.998670261
1311867227.437754869 -0.058151203 0.744874975 -0.317534711 0.024742906 -0.050252689 -0.008557198 0.998393324
1311867227.473738670 -0.047556637 0.717357061 -0.329158919 0.018559908 -0.051293798 -0.012673271 0.998430701
1311867227.537933588 -0.048650718 0.721111938 -0.327523426 0.020755511 -0.051232009 -0.012022431 0.998398693
1311867227.573742390 -0.055257995 0.727690039 -0.324559971 0.021577790 -0.049867089 -0.011136342 0.998460642
1311867227.605850458 -0.080919973 0.710750229 -0.326488316 0.018303504 -0.045332552 -0.011735371 0.998735312
1311867227.673929691 -0.033541249 0.740426492 -0.324391794 0.024729430 -0.054915050 -0.009754447 0.998137086
1311867227.705959797 -0.049510149 0.710448621 -0.329587285 0.018914689 -0.051684397 -0.012863758 0.998401463
1311867227.773732424 -0.015062193 0.737970363 -0.328116042 0.022129527 -0.058273884 -0.011902290 0.997984356
1311867227.805860758 -0.053569993 0.739758206 -0.323073264 0.022807345 -0.051927176 -0.009429445 0.998345871
1311867227.837774038 -0.070336219 0.711530710 -0.324070457 0.014786581 -0.048189983 -0.011702902 0.998660165
1311867227.905791283 -0.063597217 0.739147870 -0.315898903 0.018813956 -0.049366482 -0.009927232 0.998554173
1311867227.937974453 -0.050744685 0.747638514 -0.315996015 0.019193464 -0.051007076 -0.010578237 0.998457806
1311867227.973752975 -0.049481191 0.744533674 -0.320058120 0.017208658 -0.049791185 -0.011410722 0.998546191
1311867228.037953138 -0.069799900 0.769103852 -0.311018025 0.019319190 -0.045944045 -0.006666279 0.998734937
1311867228.105803728 -0.052733276 0.770835983 -0.319048828 0.016440605 -0.048266152 -0.008480405 0.998663190
1311867228.137844324 -0.041632407 0.778094390 -0.317837199 0.016606168 -0.050444983 -0.006807499 0.998565570
1311867228.173813581 -0.059340908 0.763810040 -0.314613543 0.013124874 -0.046764962 -0.008087949 0.998786945
1311867228.205739498 -0.055593420 0.772108141 -0.316335775 0.013871615 -0.047793156 -0.005325190 0.998746732
1311867228.273760557 -0.051321731 0.776242795 -0.319462115 0.014671266 -0.047773993 -0.006294838 0.998730582
1311867228.305921078 -0.052410236 0.775924280 -0.320097129 0.014994267 -0.047499882 -0.007251026 0.998732374
1311867228.337798119 -0.054000296 0.791758872 -0.315769751 0.018435912 -0.047655266 -0.005575267 0.998678131
1311867228.405816793 -0.044377830 0.789414235 -0.321210861 0.015977505 -0.049244094 -0.005472504 0.998643976
1311867228.437783957 -0.059464227 0.779018867 -0.320268616 0.013493909 -0.046373332 -0.005959636 0.998815254
1311867228.473890543 -0.046883531 0.795911422 -0.318879216 0.016050442 -0.048420500 -0.004938383 0.998685862
1311867228.537902117 -0.060458362 0.788312541 -0.314951976 0.016278990 -0.046465017 -0.004840799 0.998775532
1311867228.573967218 -0.038297605 0.787124585 -0.324321873 0.016336874 -0.049471893 -0.006533115 0.998620527
1311867228.605785370 -0.054746140 0.789581082 -0.321253764 0.018389799 -0.047372281 -0.005630451 0.998692135
1311867228.674147606 -0.047799299 0.779464850 -0.324310047 0.020041081 -0.048635214 -0.007008849 0.998590931
1311867228.705962658 -0.049929666 0.776562240 -0.327982231 0.021933416 -0.047934975 -0.008167497 0.998576214
1311867228.738100052 -0.046182748 0.778011632 -0.331629814 0.023066012 -0.048648989 -0.008860251 0.998510256
1311867228.805984259 -0.065897341 0.771304606 -0.327211581 0.024539109 -0.045867898 -0.008107305 0.998613158
1311867228.838559151 -0.055925778 0.771941999 -0.333442150 0.024409362 -0.047814697 -0.007962692 0.998526181
1311867228.873960972 -0.061310198 0.772816851 -0.329247034 0.024066826 -0.046515849 -0.008961035 0.998587384
1311867228.937917233 -0.063411371 0.768873040 -0.328582628 0.026713229 -0.046368522 -0.008460644 0.998531312
1311867228.974031210 -0.049166465 0.759571248 -0.336400109 0.024035637 -0.048144573 -0.009193397 0.998508823
1311867229.006218433 -0.068840217 0.747143492 -0.335648089 0.025085490 -0.044642379 -0.009461439 0.998643208
1311867229.073862553 -0.064373432 0.746780977 -0.333421633 0.026787884 -0.046259747 -0.007908001 0.998538887
1311867229.106047630 -0.053095826 0.736979802 -0.341043698 0.025405371 -0.048158088 -0.007474810 0.998488604
1311867229.173881769 -0.052453547 0.744245159 -0.338988835 0.029641787 -0.048829203 -0.005647059 0.998351233
1311867229.205880642 -0.064711217 0.732708024 -0.340403820 0.028215739 -0.046689126 -0.004706194 0.998499799
1311867229.237988710 -0.056915829 0.723672740 -0.346562802 0.028809473 -0.048402347 -0.004438637 0.998402487
1311867229.305876493 -0.051620412 0.722636218 -0.344252529 0.030485402 -0.050440094 -0.002298151 0.998259062
1311867229.338429928 -0.064878005 0.706985708 -0.346033750 0.029628541 -0.047630126 -0.002880705 0.998421365
1311867229.405823708 -0.049397254 0.707181155 -0.352084986 0.031050177 -0.051014503 -0.000032148 0.998215110
1311867229.438754082 -0.053767990 0.688745493 -0.353549507 0.028311530 -0.050045505 -0.001471096 0.998344500
1311867229.473779678 -0.066869664 0.693284907 -0.349329619 0.031030870 -0.048734630 0.000241729 0.998329586
1311867229.538044453 -0.065198469 0.676958422 -0.357144134 0.032282499 -0.049627998 -0.001809865 0.998244272
1311867229.573924541 -0.071660726 0.681694782 -0.352826578 0.035275578 -0.049457114 -0.001419804 0.998152098
1311867229.637979031 -0.078570055 0.672173283 -0.354177619 0.035387634 -0.048893191 -0.002562090 0.998173636
1311867229.673818111 -0.086755432 0.676297394 -0.352064803 0.038078973 -0.048056263 -0.002820829 0.998114538
1311867229.737926722 -0.073318105 0.652174472 -0.360577940 0.034056892 -0.050857556 -0.005908363 0.998107574
1311867229.773984671 -0.078699455 0.652151464 -0.363085712 0.035874733 -0.049855647 -0.006349882 0.998091728
1311867229.837863922 -0.075897816 0.651697262 -0.364362164 0.037346344 -0.050277272 -0.007579033 0.998008018
1311867229.874032974 -0.084048266 0.645657028 -0.363403805 0.038630384 -0.049572383 -0.007262739 0.997996756
1311867229.905851841 -0.076084528 0.642225927 -0.368493696 0.039120575 -0.050941319 -0.008497225 0.997898973
1311867229.973951578 -0.086096782 0.619185880 -0.370785139 0.037852010 -0.048993088 -0.010500181 0.998026377
1311867230.037850142 -0.085291516 0.619782056 -0.371315752 0.041538255 -0.049364250 -0.010224674 0.997864320
1311867230.074069262 -0.090319248 0.612633675 -0.371589811 0.042062533 -0.048722558 -0.010393746 0.997872149
1311867230.138081312 -0.085826956 0.604875872 -0.378200269 0.044174801 -0.049996099 -0.011124052 0.997709994
1311867230.173877239 -0.094219737 0.593218492 -0.379993026 0.043102414 -0.047535455 -0.012088710 0.997865936
1311867230.238178253 -0.089730099 0.597574441 -0.379540969 0.045499993 -0.048427029 -0.011264317 0.997726259
1311867230.305949926 -0.083123521 0.585293642 -0.387201362 0.044126416 -0.049844936 -0.011727963 0.997712783
1311867230.337871552 -0.110589640 0.585147056 -0.378135694 0.044930992 -0.045783767 -0.010571109 0.997884414
1311867230.406183720 -0.096657301 0.575296315 -0.387634342 0.045044632 -0.048326459 -0.011048019 0.997754216
1311867230.437986135 -0.088786184 0.575589515 -0.388465197 0.045850746 -0.050030799 -0.010434303 0.997640092
1311867230.506079435 -0.107521385 0.574759675 -0.386841067 0.048120718 -0.047063223 -0.010661110 0.997675193
1311867230.574088097 -0.091584315 0.565742272 -0.397266024 0.046686352 -0.050333906 -0.010109939 0.997589430
1311867230.605959415 -0.106806408 0.560452025 -0.390368188 0.047132820 -0.048001032 -0.010802360 0.997676153
1311867230.674058437 -0.104867133 0.553364394 -0.395888009 0.047538281 -0.048674630 -0.009898474 0.997633656
1311867230.705904484 -0.108971167 0.556499496 -0.390505491 0.049681421 -0.048213879 -0.010241650 0.997548138
1311867230.774137259 -0.118132470 0.544022763 -0.391202702 0.047828796 -0.047978929 -0.010756543 0.997644589
1311867230.805901051 -0.110154562 0.545001790 -0.391939146 0.048390731 -0.049896648 -0.009374527 0.997537358
1311867230.874132633 -0.113379391 0.539593374 -0.394580474 0.046947631 -0.049487502 -0.008850768 0.997631481
1311867230.905947208 -0.112442596 0.541184865 -0.398579188 0.046708816 -0.049591651 -0.008077274 0.997644081
1311867230.973924398 -0.109735049 0.544228821 -0.396475765 0.045964443 -0.050149087 -0.006834012 0.997660080
1311867231.006218672 -0.109305423 0.544810682 -0.401322033 0.044976883 -0.049617687 -0.007693646 0.997725400
1311867231.074098587 -0.119528867 0.539743075 -0.393185918 0.045436545 -0.047876307 -0.009520549 0.997773892
1311867231.105953932 -0.121853122 0.531178260 -0.396002575 0.043031516 -0.047545085 -0.009674567 0.997894862
1311867231.174249649 -0.118459019 0.524125314 -0.400888730 0.044705677 -0.048136448 -0.009897803 0.997790719
1311867231.205917597 -0.130881064 0.534223327 -0.395562762 0.047550144 -0.045625244 -0.010235890 0.997773796
1311867231.274090052 -0.121532878 0.513472238 -0.408648438 0.047747624 -0.046925243 -0.011069813 0.997695166
1311867231.306019068 -0.119555462 0.505636481 -0.410167330 0.047480749 -0.047179906 -0.012436545 0.997679792
1311867231.374183416 -0.132736598 0.503460543 -0.405515368 0.050382176 -0.046292510 -0.010286197 0.997603545
1311867231.405989885 -0.120776184 0.504125397 -0.409126034 0.050770531 -0.048542965 -0.010145880 0.997478318
1311867231.474139929 -0.133738913 0.501766492 -0.409921510 0.050895586 -0.047400926 -0.007801022 0.997547962
1311867231.505980253 -0.120239413 0.502029778 -0.412842860 0.049515257 -0.050417353 -0.006356528 0.997479786
1311867231.574152708 -0.141760139 0.502052298 -0.411735737 0.049883649 -0.047018178 -0.006395158 0.997627192
1311867231.605955124 -0.130464937 0.489505711 -0.415513309 0.047332848 -0.048481274 -0.008860263 0.997662600
1311867231.674142361 -0.139361069 0.487219213 -0.413284180 0.046952597 -0.047547209 -0.008349683 0.997729923
1311867231.705921173 -0.131362227 0.483830060 -0.410636248 0.046255160 -0.049689531 -0.006969770 0.997668699
1311867231.774173021 -0.128925632 0.476062313 -0.417296948 0.045327443 -0.048630093 -0.007668916 0.997758350
1311867231.805931330 -0.132529782 0.481088137 -0.413521418 0.047074930 -0.048010074 -0.007060402 0.997711950
1311867231.873920202 -0.140807261 0.467609667 -0.420164340 0.045103139 -0.046543607 -0.006074190 0.997879003
1311867231.905982971 -0.139921095 0.461504518 -0.418439874 0.045420940 -0.046713341 -0.007477351 0.997847128
1311867231.938028097 -0.144362551 0.459121532 -0.416278846 0.045776110 -0.045946212 -0.007790863 0.997864117
1311867232.006124258 -0.144944063 0.450097434 -0.424383670 0.046474552 -0.046360432 -0.009054778 0.997802003
1311867232.038051605 -0.145551629 0.455126299 -0.423988989 0.047998974 -0.046319722 -0.008549281 0.997736183
1311867232.074075222 -0.143137167 0.442335530 -0.425854339 0.045803930 -0.046745851 -0.009283387 0.997812930
1311867232.138160706 -0.144199767 0.447729230 -0.423539694 0.048038783 -0.047728684 -0.009706143 0.997657275
1311867232.173947334 -0.141139028 0.442492714 -0.424650283 0.046699837 -0.048168107 -0.010221251 0.997694585
1311867232.241969585 -0.139102374 0.440677612 -0.428766910 0.048457726 -0.049710445 -0.009563129 0.997541612
1311867232.273986101 -0.143090332 0.434434828 -0.428119905 0.047951459 -0.049160774 -0.011068310 0.997577751
1311867232.342084885 -0.156308171 0.438284462 -0.430377101 0.050718068 -0.047727826 -0.010258212 0.997519173
1311867232.374073505 -0.145964076 0.429755322 -0.431557865 0.049108128 -0.049152439 -0.009853607 0.997534629
1311867232.442125082 -0.160766483 0.423063016 -0.431638468 0.049314411 -0.047869462 -0.010398874 0.997581308
1311867232.473957300 -0.153920679 0.422744751 -0.432601189 0.049066606 -0.048638935 -0.010248681 0.997557861
1311867232.505952358 -0.151355674 0.422204940 -0.431115170 0.049963595 -0.049243544 -0.011294018 0.997472384
1311867232.573936939 -0.146346108 0.421965294 -0.430736262 0.048351414 -0.050633302 -0.009924013 0.997496829
1311867232.606132746 -0.153633047 0.421853831 -0.433146218 0.049145559 -0.048722876 -0.010333675 0.997549002
1311867232.674004078 -0.166970264 0.410745947 -0.427492099 0.046290277 -0.046829283 -0.009800220 0.997781632
1311867232.706008911 -0.157887166 0.407192212 -0.434705313 0.047243700 -0.048255626 -0.010888250 0.997657693
1311867232.774049282 -0.152777563 0.392942779 -0.437425639 0.045004403 -0.050020407 -0.012193203 0.997659205
1311867232.805985212 -0.145386323 0.390311053 -0.440736613 0.045976251 -0.051898651 -0.012030575 0.997520917
1311867232.842129230 -0.149957352 0.392667728 -0.431158453 0.048742104 -0.052118986 -0.012522388 0.997372051
1311867232.906135082 -0.164065805 0.370549874 -0.434913093 0.047265652 -0.050074015 -0.013148808 0.997539804
1311867232.942097664 -0.154074674 0.363733452 -0.438212535 0.047996130 -0.052373280 -0.012625999 0.997393601
1311867233.006057739 -0.160552478 0.373665019 -0.436630432 0.051393034 -0.050931899 -0.013543944 0.997286949
1311867233.042231560 -0.141673586 0.358515015 -0.443545167 0.050000441 -0.053937485 -0.015158249 0.997176479
1311867233.074204206 -0.148220603 0.362274272 -0.443186327 0.049023532 -0.053646640 -0.014377629 0.997252232
1311867233.142135143 -0.157788350 0.341668894 -0.439589373 0.046144038 -0.052466243 -0.014475328 0.997450994
1311867233.174057007 -0.160308718 0.341400500 -0.440373016 0.046465946 -0.051819505 -0.014751872 0.997465807
1311867233.242252588 -0.158532668 0.347292128 -0.441366931 0.049038010 -0.052229970 -0.014450698 0.997325665
1311867233.274216175 -0.163136090 0.344601092 -0.445197599 0.049379154 -0.051609068 -0.015099751 0.997331540
1311867233.342453241 -0.158008734 0.330195711 -0.448757804 0.047851129 -0.052253068 -0.015585960 0.997365011
1311867233.374065638 -0.171477843 0.318168016 -0.446239631 0.047367284 -0.050198861 -0.017757562 0.997457309
1311867233.442194462 -0.161816293 0.318216959 -0.445665344 0.049789564 -0.052139947 -0.017344655 0.997247005
1311867233.474076509 -0.164060095 0.317492672 -0.443905792 0.051904886 -0.052015127 -0.017761996 0.997138316
1311867233.542082310 -0.159274336 0.295846657 -0.446012657 0.049248958 -0.052949453 -0.017356646 0.997230987
1311867233.574217319 -0.199084220 0.298911723 -0.442015637 0.051355790 -0.045849637 -0.018456528 0.997456641
1311867233.606172562 -0.164775769 0.311380361 -0.450084754 0.053429283 -0.051895488 -0.016382613 0.997087649
1311867233.674202681 -0.185899199 0.303312461 -0.437537987 0.053521912 -0.049347269 -0.016591968 0.997208583
1311867233.706461430 -0.163157853 0.302961356 -0.443210521 0.053729520 -0.053582586 -0.018258888 0.996949677
1311867233.742420197 -0.169875999 0.296554522 -0.445276508 0.052466364 -0.052431894 -0.017892857 0.997084762
1311867233.806227446 -0.165463336 0.289522624 -0.445287546 0.051730826 -0.053392658 -0.019867284 0.997034822
1311867233.842182636 -0.178769038 0.284625837 -0.441057805 0.051853715 -0.051057873 -0.021777591 0.997110838
1311867233.874228716 -0.185010078 0.278319886 -0.440799514 0.051604647 -0.049602626 -0.020861660 0.997216792
1311867233.942191839 -0.195713470 0.278876188 -0.440146763 0.052393361 -0.048093108 -0.023741385 0.997185206
1311867233.974248886 -0.202088616 0.274088193 -0.436350192 0.052992014 -0.047184754 -0.024273918 0.997184147
1311867234.006204844 -0.185483423 0.266496715 -0.441357094 0.051739090 -0.050352282 -0.023398984 0.997115942
1311867234.074348688 -0.217417625 0.258843227 -0.436745623 0.051567891 -0.044939391 -0.027166338 0.997287919
1311867234.106175184 -0.188874152 0.260485635 -0.445579100 0.053163520 -0.050329977 -0.025023131 0.997002696
1311867234.142473221 -0.190799085 0.268917517 -0.438746480 0.055546286 -0.049233430 -0.027303136 0.996867704
1311867234.174383163 -0.186263115 0.265954379 -0.443413935 0.057108618 -0.050131172 -0.027285735 0.996735150
1311867234.242291927 -0.203881239 0.251191726 -0.434345012 0.057233065 -0.047207745 -0.029109786 0.996819154
1311867234.274294376 -0.196487932 0.253031199 -0.448514434 0.057454616 -0.048961649 -0.027441879 0.996769114
1311867234.306468964 -0.220545852 0.263546347 -0.424125435 0.060884264 -0.045581052 -0.030230727 0.996645161
1311867234.374159336 -0.224888244 0.232388467 -0.433324534 0.054775152 -0.045517065 -0.030547813 0.996992834
1311867234.406259775 -0.192141476 0.218233465 -0.459684699 0.052353094 -0.050957784 -0.031244960 0.996838106
1311867234.442238092 -0.232245197 0.234502193 -0.442654595 0.056014235 -0.044094048 -0.034069114 0.996873821
1311867234.506308079 -0.248759220 0.226494340 -0.436783040 0.055086860 -0.042867676 -0.034011325 0.996980958
1311867234.542292833 -0.203073128 0.243354614 -0.442625000 0.058590320 -0.051849818 -0.031208301 0.996446091
1311867234.574192286 -0.206197785 0.250432788 -0.430962829 0.059681657 -0.051587108 -0.031239412 0.996393983
1311867234.642267227 -0.228135145 0.237864536 -0.425227074 0.058503532 -0.049097754 -0.029773781 0.996634471
1311867234.674095869 -0.226211088 0.229027711 -0.421419605 0.055957102 -0.049587024 -0.029531130 0.996763684
1311867234.706095219 -0.231227363 0.236247431 -0.427772485 0.057249702 -0.048986553 -0.028239406 0.996757405
1311867234.774139881 -0.216732577 0.230545715 -0.421307521 0.055031600 -0.052465556 -0.024231280 0.996810781
1311867234.806071520 -0.208427739 0.222542793 -0.426370544 0.053529677 -0.053581369 -0.024019352 0.996838343
1311867234.874156713 -0.206724399 0.219155560 -0.418641315 0.052043852 -0.053579484 -0.021054281 0.996984149
1311867234.906187057 -0.238297315 0.213155021 -0.423971707 0.050481343 -0.046835174 -0.021768971 0.997388697
1311867234.942270279 -0.221428484 0.203907693 -0.429347913 0.049220440 -0.049730826 -0.022383977 0.997297925
1311867235.006174803 -0.246680128 0.201812138 -0.427690869 0.049773790 -0.043763840 -0.023769083 0.997518083
1311867235.042325974 -0.226901225 0.187744061 -0.423827430 0.048955271 -0.047393811 -0.022183575 0.997429244
1311867235.106251955 -0.225027023 0.190941641 -0.419022577 0.051672243 -0.047081347 -0.022405264 0.997302026
1311867235.142244577 -0.231219634 0.190975778 -0.422212724 0.052384314 -0.046010988 -0.023343922 0.997293304
1311867235.174301147 -0.234537183 0.189559586 -0.415675321 0.051703378 -0.045779989 -0.023746935 0.997329954
1311867235.242256880 -0.251492139 0.191629850 -0.413976173 0.052861903 -0.043306786 -0.025124310 0.997345933
1311867235.274182558 -0.236297846 0.181720620 -0.415819249 0.050762878 -0.045785033 -0.025490477 0.997334997
1311867235.306201696 -0.251380982 0.192905405 -0.409411634 0.053296170 -0.043319433 -0.026293115 0.997292142
1311867235.342289448 -0.251343825 0.184934083 -0.414424475 0.051718071 -0.042970129 -0.027140703 0.997367631
1311867235.406214476 -0.235357891 0.166058801 -0.423058408 0.048436734 -0.045176293 -0.026572600 0.997450190
1311867235.442222357 -0.243384717 0.174351841 -0.424932647 0.050254172 -0.043448506 -0.026935892 0.997427292
1311867235.474167585 -0.241513582 0.185531995 -0.410836878 0.051570159 -0.044266873 -0.026264664 0.997342033
1311867235.506159306 -0.261818397 0.190841326 -0.407132615 0.051919687 -0.040460898 -0.026681909 0.997474480
1311867235.574192286 -0.268165971 0.196478563 -0.405053449 0.052623875 -0.038669529 -0.027406648 0.997488983
1311867235.606194735 -0.278494590 0.188102165 -0.398216715 0.051764043 -0.037005978 -0.026405954 0.997624061
1311867235.642443419 -0.252619924 0.179259116 -0.407736749 0.051775200 -0.040789302 -0.026881075 0.997463267
1311867235.706367016 -0.264755991 0.184030047 -0.401597492 0.053575356 -0.038373709 -0.025992599 0.997487606
1311867235.742311239 -0.257432745 0.188697419 -0.404625966 0.054636610 -0.039235226 -0.025802334 0.997401463
1311867235.774339676 -0.259942982 0.185983731 -0.397499723 0.053924765 -0.037740101 -0.026782259 0.997472062
1311867235.842280149 -0.265961279 0.187630244 -0.399339042 0.055310257 -0.035064985 -0.026446307 0.997502790
1311867235.874209166 -0.261339724 0.175187877 -0.398831846 0.051884690 -0.035747487 -0.026575338 0.997659184
1311867235.906374216 -0.281419950 0.193028232 -0.385033908 0.055917265 -0.032457807 -0.028176287 0.997509823
1311867235.942343473 -0.252647883 0.181285099 -0.396381779 0.053334585 -0.036973223 -0.026513774 0.997539685
1311867236.006374121 -0.266541624 0.180049888 -0.387420847 0.053630546 -0.034668903 -0.027098564 0.997590848
1311867236.042377949 -0.271584690 0.182504002 -0.391953306 0.053984609 -0.033328792 -0.028535467 0.997577356
1311867236.074225903 -0.271919971 0.191444048 -0.381278122 0.055627136 -0.034344338 -0.027974571 0.997468552
1311867236.142358065 -0.288161631 0.186823305 -0.378601640 0.054926646 -0.032115303 -0.029320167 0.997542981
1311867236.174242258 -0.279074469 0.177715411 -0.381386621 0.052912313 -0.033277308 -0.030352692 0.997582890
1311867236.206221819 -0.282255063 0.181577589 -0.379098648 0.054009730 -0.032921855 -0.030326937 0.997536655
1311867236.242342949 -0.281988197 0.201596891 -0.367730151 0.058338555 -0.033183015 -0.032436064 0.997217831
1311867236.306429148 -0.295574664 0.202378267 -0.368498330 0.057414762 -0.032047274 -0.031745042 0.997330823
1311867236.342290640 -0.290314396 0.192746239 -0.365428465 0.054833441 -0.032637074 -0.032677764 0.997426829
1311867236.374298096 -0.301793225 0.185779079 -0.374217381 0.054003433 -0.029864125 -0.033778188 0.997522329
1311867236.442391396 -0.298221839 0.199322662 -0.357661122 0.056033276 -0.030833266 -0.032514753 0.997422865
1311867236.474384308 -0.287319026 0.195061144 -0.355344588 0.055281222 -0.032715761 -0.031818009 0.997427331
1311867236.506314278 -0.271102146 0.181219069 -0.360963389 0.052237465 -0.035383273 -0.030794074 0.997532454
1311867236.574216604 -0.286245568 0.181835223 -0.352544142 0.050569794 -0.031343805 -0.031558126 0.997729596
1311867236.606287956 -0.285290485 0.187642167 -0.342403191 0.051887343 -0.031754906 -0.030787575 0.997673020
1311867236.642387629 -0.262594546 0.187010751 -0.343025842 0.051235859 -0.034989178 -0.029951489 0.997623953
1311867236.706586838 -0.273027424 0.186996323 -0.332774865 0.049341706 -0.032737400 -0.029253395 0.997816565
1311867236.742471218 -0.273914567 0.184636904 -0.335857595 0.048452998 -0.032305585 -0.030802823 0.997827561
1311867236.774407148 -0.249963673 0.180111357 -0.333997511 0.046993222 -0.035722722 -0.030082747 0.997802863
1311867236.806389093 -0.247913767 0.186958008 -0.331326076 0.047530068 -0.035989171 -0.027938008 0.997830216
1311867236.874474525 -0.240711940 0.185008109 -0.313782011 0.047251234 -0.037576373 -0.030541336 0.997708657
1311867236.906285524 -0.270567117 0.189808444 -0.303522679 0.048209635 -0.032149019 -0.030300863 0.997859774
1311867236.942486286 -0.285506036 0.187857229 -0.306236288 0.048627364 -0.029202884 -0.033528407 0.997826847
1311867237.006456614 -0.233718034 0.172228966 -0.306805389 0.043685902 -0.039903941 -0.029695056 0.997806304
1311867237.042351961 -0.237701384 0.183445681 -0.304324895 0.044885172 -0.039605471 -0.026917030 0.997843776
1311867237.074287415 -0.223127397 0.192722670 -0.299609385 0.044464010 -0.042243006 -0.024853569 0.997807988
1311867237.142400980 -0.240881272 0.193939436 -0.288761360 0.042870746 -0.041007205 -0.025590511 0.997910634
1311867237.174336672 -0.246700052 0.187542592 -0.288907820 0.041039939 -0.039769568 -0.027960970 0.997974092
1311867237.206350803 -0.270810743 0.190706583 -0.275221093 0.041251152 -0.035942689 -0.029384790 0.998069637
1311867237.274484396 -0.273649580 0.196094525 -0.269668066 0.044314416 -0.035613676 -0.031042167 0.997899936
1311867237.306833506 -0.270939904 0.192048769 -0.272327669 0.042730585 -0.035686215 -0.032098437 0.997933005
1311867237.342477560 -0.277305862 0.189264394 -0.267942342 0.042570543 -0.034753107 -0.032910820 0.997946315
1311867237.406528950 -0.285896530 0.183789174 -0.255819569 0.039483613 -0.033944998 -0.031571862 0.998144278
1311867237.442502260 -0.287313360 0.185371420 -0.249823851 0.040916943 -0.033677537 -0.034103032 0.998012330
1311867237.474434376 -0.287194556 0.185781266 -0.256720532 0.039958505 -0.032874672 -0.033328420 0.998104098
1311867237.506363630 -0.285433445 0.185810495 -0.248463943 0.038880325 -0.034108511 -0.033179196 0.998110250
1311867237.542505503 -0.293366323 0.182199658 -0.239683913 0.039030521 -0.032388910 -0.034929042 0.998101968
1311867237.606409788 -0.273601666 0.185834334 -0.238336775 0.038566925 -0.034905227 -0.035257799 0.998023599
1311867237.642378569 -0.285764805 0.177885881 -0.225940223 0.037678831 -0.033567838 -0.034418133 0.998132706
1311867237.674412489 -0.286606377 0.188959800 -0.225911637 0.040258787 -0.033084694 -0.036009139 0.997991971
1311867237.742583752 -0.283036009 0.182829233 -0.219873512 0.038415805 -0.032267320 -0.036368490 0.998078343
1311867237.774590492 -0.291903771 0.187920989 -0.216071989 0.039899409 -0.030415270 -0.037086167 0.998051885
1311867237.806457520 -0.292090826 0.180643524 -0.210332081 0.037173477 -0.031154539 -0.037747326 0.998109546
1311867237.842500925 -0.294910595 0.176432958 -0.209242537 0.035719333 -0.030850596 -0.038862501 0.998129288
1311867237.906432867 -0.298488996 0.179711936 -0.191669004 0.033595168 -0.030348163 -0.036955718 0.998290854
1311867237.942659855 -0.310938870 0.181138191 -0.188403794 0.033900103 -0.027849071 -0.040058761 0.998233694
1311867237.974431038 -0.284942723 0.171101942 -0.193609445 0.031606612 -0.033316111 -0.037509999 0.998240481
1311867238.006500006 -0.294247683 0.177472207 -0.178475527 0.032465689 -0.031944328 -0.038085605 0.998235957
1311867238.074514389 -0.303549008 0.176719117 -0.172868138 0.032422712 -0.028681791 -0.039380780 0.998286170
1311867238.106429100 -0.297610512 0.169627110 -0.178670920 0.032226643 -0.029393575 -0.039811902 0.998254714
1311867238.142401934 -0.299103719 0.173219316 -0.165119060 0.032472083 -0.028315200 -0.039725945 0.998281354
1311867238.174577236 -0.288838030 0.174479847 -0.163282149 0.032274791 -0.030442056 -0.038776271 0.998262500
1311867238.242453814 -0.296030383 0.165945833 -0.158363589 0.029410192 -0.028629598 -0.040558180 0.998333822
1311867238.274551868 -0.303988822 0.160787114 -0.153291873 0.027764842 -0.025535172 -0.040226926 0.998478274
1311867238.306376934 -0.305264013 0.160572932 -0.141556568 0.028956226 -0.024478243 -0.038007913 0.998557836
1311867238.342532158 -0.306010765 0.159457412 -0.132984650 0.028411111 -0.024125934 -0.036124861 0.998651963
1311867238.406473875 -0.294378400 0.172904821 -0.133199272 0.032387072 -0.025786894 -0.038135538 0.998414641
1311867238.442421198 -0.277160317 0.164657621 -0.136362513 0.031150731 -0.027644534 -0.037801294 0.998416984
1311867238.474425793 -0.295186321 0.167559035 -0.129439965 0.031023495 -0.024185232 -0.037783153 0.998511417
1311867238.542703390 -0.297302269 0.158532338 -0.112021275 0.030432148 -0.023927366 -0.038910754 0.998492523
1311867238.574615240 -0.291887205 0.147798799 -0.117713336 0.027907793 -0.023893141 -0.040333439 0.998510634
1311867238.642378330 -0.298047415 0.151189157 -0.103667157 0.029379295 -0.024344982 -0.039519019 0.998490073
1311867238.674404621 -0.302491479 0.148914408 -0.094367585 0.028327328 -0.023458643 -0.040711301 0.998493788
1311867238.706485987 -0.294984807 0.145836872 -0.090724723 0.027140368 -0.024205987 -0.039171728 0.998570501
1311867238.742522001 -0.295654021 0.147262026 -0.087457894 0.026937984 -0.024341833 -0.039338697 0.998566116
1311867238.806421757 -0.298804793 0.145896295 -0.069348172 0.025308892 -0.024611817 -0.041458581 0.998516352
1311867238.842540979 -0.306363267 0.149372095 -0.065060266 0.025901456 -0.022820520 -0.042051716 0.998518899
1311867238.874418259 -0.289680472 0.146905831 -0.063324503 0.024269089 -0.026233477 -0.040119437 0.998555580
1311867238.942509890 -0.302145709 0.136166648 -0.044044093 0.021651062 -0.024808521 -0.041459436 0.998597458
1311867238.974526644 -0.303840291 0.136845627 -0.041986216 0.023492544 -0.024519115 -0.041146040 0.998575944
1311867239.042587042 -0.295318073 0.128845008 -0.035630200 0.021346855 -0.026141727 -0.041715928 0.998559314
1311867239.074591398 -0.298229406 0.138005244 -0.025797260 0.024645809 -0.026364690 -0.040889485 0.998511661
1311867239.106415987 -0.275737427 0.126649491 -0.025483772 0.022008630 -0.031724302 -0.041057926 0.998410454
1311867239.143039227 -0.268096689 0.127286510 -0.025858748 0.022439199 -0.032815759 -0.042019509 0.998325583
1311867239.206506968 -0.275023175 0.120723320 -0.013300994 0.021134295 -0.030304621 -0.044145427 0.998341701
1311867239.242615461 -0.279879917 0.119832506 -0.001687778 0.020852162 -0.029784315 -0.042662085 0.998427778
1311867239.274465561 -0.288412999 0.116717077 0.001814495 0.022114224 -0.026892213 -0.043690010 0.998438257
1311867239.342485905 -0.292828756 0.133335409 0.019285490 0.026564100 -0.025082024 -0.042193579 0.998441256
1311867239.374562263 -0.281094459 0.105070816 0.027104802 0.021717501 -0.027379541 -0.044168609 0.998412663
1311867239.406592369 -0.274964004 0.107622528 0.029894840 0.023842348 -0.028298015 -0.042852454 0.998395929
1311867239.474517107 -0.262245062 0.104122183 0.040981223 0.024584172 -0.030183544 -0.043425178 0.998297965
1311867239.506555557 -0.265663741 0.092073474 0.045462968 0.023317541 -0.028933286 -0.044422839 0.998321476
1311867239.542636871 -0.265470606 0.088316037 0.044598231 0.022735138 -0.027536468 -0.045198411 0.998339602
1311867239.606412172 -0.266892512 0.092211470 0.058416738 0.024064649 -0.027109606 -0.042194498 0.998451594
1311867239.642580748 -0.255293689 0.080104387 0.059549277 0.023069413 -0.027651028 -0.044359779 0.998366382
1311867239.674584866 -0.246980782 0.081422545 0.067401383 0.022954339 -0.028587591 -0.043534853 0.998378968
1311867239.742531538 -0.254522949 0.074389672 0.079288652 0.020363689 -0.027451487 -0.043494414 0.998468814
1311867239.774489403 -0.242335564 0.080395288 0.081144259 0.021456107 -0.029621361 -0.042947693 0.998407585
1311867239.806512117 -0.241069374 0.073833063 0.089772183 0.017552445 -0.030787593 -0.042796704 0.998455046
1311867239.842581987 -0.238536395 0.062248122 0.094123030 0.013986423 -0.032417612 -0.045316491 0.998348583
1311867239.906568527 -0.248116441 0.071469148 0.100340869 0.014520704 -0.029464816 -0.046387255 0.998383291
1311867239.942407846 -0.238187251 0.071247532 0.105444416 0.013785482 -0.032500749 -0.045047081 0.998360868
1311867239.976212978 -0.243083088 0.064033568 0.117984602 0.011228277 -0.033097617 -0.045107502 0.998370566
1311867240.042506218 -0.223653274 0.064502319 0.119605926 0.011094393 -0.037294958 -0.045007047 0.998228614
1311867240.074597836 -0.218442755 0.043137494 0.124046531 0.005759044 -0.038625901 -0.046198202 0.998168623
1311867240.106558800 -0.230896836 0.068386720 0.124647229 0.011010573 -0.035266256 -0.045271333 0.998291323
1311867240.174466133 -0.219249179 0.050139019 0.137547143 0.006159835 -0.037222528 -0.044388090 0.998301677
1311867240.206551552 -0.199837586 0.053492096 0.142872710 0.007105571 -0.041856434 -0.044532745 0.998105397
1311867240.242432594 -0.204061282 0.059010300 0.148516009 0.008573839 -0.039965696 -0.045079031 0.998146840
1311867240.274677277 -0.196934987 0.057247077 0.146320926 0.007068483 -0.040302306 -0.044404468 0.998175337
1311867240.342481375 -0.197733272 0.064948983 0.158025020 0.009944162 -0.041317341 -0.046154682 0.998029928
1311867240.374466419 -0.205703545 0.064024742 0.163785586 0.009645290 -0.040163478 -0.045535382 0.998108407
1311867240.442597866 -0.188557932 0.037110235 0.171840877 0.005034474 -0.045624313 -0.048994669 0.997743754
1311867240.474535942 -0.197763161 0.044730017 0.178507728 0.007451372 -0.044487889 -0.049784781 0.997740838
1311867240.506469011 -0.196869908 0.032503453 0.178953528 0.004623397 -0.045808536 -0.052260749 0.997571560
1311867240.542589664 -0.179581168 0.018211951 0.176280457 0.002121113 -0.050069779 -0.053247413 0.997323032
1311867240.606556892 -0.186836998 0.019995964 0.184437174 0.002570441 -0.050802974 -0.056069030 0.997130240
1311867240.642795324 -0.176425835 0.014543938 0.188828568 0.002140094 -0.053424486 -0.056839933 0.996950584
1311867240.674613476 -0.189588810 0.021975460 0.189238490 0.004380307 -0.051456154 -0.057184224 0.997027102
1311867240.742631197 -0.189463898 0.021575033 0.198800030 0.003692467 -0.053391050 -0.056613917 0.996960694
1311867240.774677753 -0.203280809 0.030783800 0.202570192 0.004566021 -0.051567995 -0.055905501 0.997093009
1311867240.806605101 -0.205684797 0.029507100 0.208775898 0.004119931 -0.052647607 -0.055964799 0.997035203
1311867240.842940331 -0.199785978 0.032462426 0.208168123 0.003324646 -0.054514907 -0.055443273 0.996966958
1311867240.906547546 -0.189364552 0.026249715 0.211700143 -0.000292021 -0.057979794 -0.056400059 0.996723277
1311867240.942559481 -0.203634339 0.040168081 0.217685658 0.001108427 -0.054963211 -0.055806664 0.996926995
1311867240.974621773 -0.204607287 0.041044657 0.221899192 0.000286240 -0.054549758 -0.057352933 0.996862520
1311867241.006716251 -0.198216598 0.041390159 0.230624797 0.000667152 -0.056209110 -0.057982068 0.996733751
1311867241.074791908 -0.194890974 0.036781195 0.237325535 -0.004389356 -0.057787857 -0.058028309 0.996631332
1311867241.106779337 -0.184211101 0.033303902 0.239634758 -0.004985680 -0.059743489 -0.058656329 0.996476439
1311867241.174730539 -0.199542738 0.031502593 0.246257276 -0.004060151 -0.055894495 -0.058712441 0.996700642
1311867241.206720829 -0.228533396 0.061370386 0.260098820 0.004270575 -0.047674794 -0.056169860 0.997273194
1311867241.242631197 -0.234383618 0.064715164 0.262712679 0.004884472 -0.045527998 -0.055366663 0.997415598
1311867241.275068521 -0.241050566 0.062301248 0.270132946 0.004362083 -0.043513586 -0.053902711 0.997588110
1311867241.342582226 -0.202327994 0.063501515 0.274729765 0.005563678 -0.052644030 -0.054702527 0.997098433
1311867241.374677420 -0.230280967 0.068589795 0.279240777 0.007491570 -0.046779115 -0.055333143 0.997343388
1311867241.410635233 -0.239889977 0.066682888 0.283670341 0.008534125 -0.044739555 -0.056864981 0.997342426
1311867241.442620277 -0.202972328 0.048579999 0.273708483 0.003742983 -0.053342518 -0.057744057 0.996898285
1311867241.510750771 -0.220205795 0.049089467 0.282184388 0.004133898 -0.051428475 -0.057507602 0.997010982
1311867241.542602062 -0.228651565 0.059089198 0.294925515 0.006209716 -0.051272543 -0.056196330 0.997083015
1311867241.574823380 -0.252559958 0.063215354 0.299846274 0.006444124 -0.046460867 -0.055458814 0.997358602
1311867241.642627001 -0.243901892 0.060959701 0.293908024 0.005883066 -0.048438333 -0.055785073 0.997249790
1311867241.674668074 -0.254516183 0.064414264 0.302112561 0.004890044 -0.047166590 -0.053500028 0.997441300
1311867241.742748976 -0.250292946 0.059556974 0.303799369 0.002560308 -0.048537315 -0.052937363 0.997414262
1311867241.774619341 -0.247564895 0.066490148 0.310090653 0.003294732 -0.049915650 -0.052026301 0.997392018
1311867241.810713768 -0.256115168 0.064460910 0.313793087 0.003180836 -0.048076061 -0.052772746 0.997443538
1311867241.842839718 -0.258728046 0.066126595 0.313661238 0.003552930 -0.047550879 -0.054156580 0.997393280
1311867241.874966383 -0.264500378 0.067722016 0.316617653 0.003886039 -0.045852097 -0.054384731 0.997459165
1311867241.942933559 -0.259300350 0.069399917 0.324797374 0.003461163 -0.047663570 -0.054068550 0.997393000
1311867241.974654913 -0.236109155 0.061858396 0.329719322 0.000198242 -0.053964371 -0.054732687 0.997041694
1311867242.010806322 -0.246858703 0.065232560 0.334293816 0.001030661 -0.051063141 -0.053922866 0.997238095
1311867242.042670250 -0.257913725 0.065293951 0.322818130 0.000067911 -0.046335339 -0.056517417 0.997325831
1311867242.110732317 -0.266587491 0.065896810 0.338858410 -0.002023087 -0.046731243 -0.055771440 0.997347304
1311867242.142880201 -0.276461659 0.076118596 0.341064179 -0.000756214 -0.044030018 -0.053993124 0.997569811
1311867242.174883604 -0.272123162 0.069638560 0.340947386 -0.002810437 -0.044675085 -0.054789458 0.997494037
1311867242.210643530 -0.262999887 0.073410885 0.344381088 -0.001654649 -0.046999717 -0.054151220 0.997424651
1311867242.242718697 -0.275936775 0.077372189 0.348130466 -0.001390164 -0.043615884 -0.054216876 0.997575186
1311867242.310756207 -0.270093461 0.077293890 0.357134848 -0.001413350 -0.044324653 -0.052683562 0.997626067
1311867242.342625618 -0.287877577 0.073852502 0.361319885 -0.002698308 -0.039846704 -0.052949975 0.997798206
1311867242.374627590 -0.254494175 0.084929455 0.370025093 0.000975285 -0.048283551 -0.052532943 0.997450769
1311867242.442669868 -0.278308611 0.069042764 0.369597465 -0.003877180 -0.040804441 -0.052684966 0.997769642
1311867242.474793673 -0.272264114 0.075938451 0.380870546 -0.000676654 -0.042216537 -0.052205269 0.997743412
1311867242.542676926 -0.268321396 0.064168237 0.382169333 -0.002872684 -0.041883556 -0.052942159 0.997714710
1311867242.574754477 -0.270492314 0.081042248 0.388876583 0.002812527 -0.040271041 -0.052560052 0.997801470
1311867242.610839844 -0.251901054 0.081977217 0.387704417 0.003521931 -0.043067424 -0.053641639 0.997624863
1311867242.642861843 -0.239075457 0.076097089 0.382888118 0.002634603 -0.043498234 -0.055125956 0.997527990
1311867242.710769892 -0.261063438 0.085104220 0.403743469 0.005258097 -0.037608031 -0.053591628 0.997840631
1311867242.742835760 -0.270433471 0.070944724 0.396641930 0.000913587 -0.033357503 -0.054473622 0.997957447
1311867242.774742365 -0.276759190 0.055111875 0.407552835 -0.002395849 -0.031485690 -0.054127973 0.998034605
1311867242.810921669 -0.274740372 0.066807873 0.410629868 0.000315818 -0.031853934 -0.052385945 0.998118700
1311867242.874715328 -0.279682559 0.059524921 0.418100067 -0.002350565 -0.028626403 -0.051970573 0.998235475
1311867242.910777330 -0.249619099 0.061312695 0.418467889 -0.003206204 -0.035516841 -0.050721371 0.998075957
1311867242.942636490 -0.246245500 0.071539518 0.420732930 -0.001433154 -0.034901159 -0.050668320 0.998104492
1311867242.974656343 -0.261677083 0.073332327 0.425683358 -0.001004740 -0.031729187 -0.049893798 0.998249898
1311867243.042681694 -0.255997795 0.073874111 0.441910685 -0.001260217 -0.033458172 -0.048633310 0.998255360
1311867243.074943542 -0.251044191 0.070378107 0.436258512 -0.003245461 -0.034007980 -0.048159464 0.998255273
1311867243.110760450 -0.244761170 0.064975043 0.429560384 -0.006057792 -0.035133421 -0.047101112 0.998253691
1311867243.142941952 -0.248750702 0.070904107 0.432322149 -0.004172770 -0.032973751 -0.049464982 0.998222688
1311867243.210671186 -0.246818830 0.081661350 0.453815893 -0.002123089 -0.034629959 -0.046227852 0.998328225
1311867243.242922783 -0.244782639 0.081041558 0.460935457 -0.001573304 -0.035299623 -0.047209605 0.998259843
1311867243.310909033 -0.250615569 0.074938541 0.468090426 -0.002939038 -0.033587650 -0.047586020 0.998297953
1311867243.342680693 -0.239704217 0.076149663 0.471732742 -0.002747781 -0.036546683 -0.046192215 0.998260021
1311867243.375787020 -0.243310010 0.072659443 0.476872994 -0.003600600 -0.035920757 -0.045553525 0.998309377
1311867243.412082434 -0.268396093 0.069222827 0.472355284 -0.004440521 -0.028926841 -0.045725203 0.998525275
1311867243.442885876 -0.267399466 0.063832976 0.475215121 -0.006078188 -0.028868839 -0.044552732 0.998571329
1311867243.474884033 -0.263502378 0.066569090 0.484745021 -0.006286138 -0.030596035 -0.043664541 0.998557848
1311867243.543026209 -0.256893319 0.070828313 0.487050013 -0.006547847 -0.031349264 -0.042944363 0.998564035
1311867243.574697495 -0.249418203 0.067398318 0.491153528 -0.007570730 -0.033293198 -0.042791370 0.998500448
1311867243.610776663 -0.231104327 0.082201066 0.498261715 -0.003170888 -0.037876500 -0.043337481 0.998337207
1311867243.642685175 -0.246538957 0.082058227 0.500060044 -0.003519767 -0.033218053 -0.042641584 0.998531856
1311867243.674866915 -0.242346802 0.080208619 0.503716704 -0.004341908 -0.033981228 -0.042294458 0.998517703
1311867243.742760658 -0.238029008 0.083538623 0.505363447 -0.004009256 -0.033251837 -0.042100135 0.998551861
1311867243.774837017 -0.235470882 0.086499133 0.515834315 -0.003428690 -0.033707795 -0.041552129 0.998561690
1311867243.810755253 -0.231567408 0.086798995 0.520383146 -0.003606538 -0.034771261 -0.041078608 0.998544190
1311867243.842824697 -0.239322146 0.068728451 0.514014876 -0.010123627 -0.031217609 -0.040455877 0.998642226
1311867243.874795437 -0.227219248 0.070890760 0.520822250 -0.009657298 -0.033945233 -0.040675986 0.998548908
1311867243.911009789 -0.221466095 0.073083139 0.527969467 -0.008653522 -0.035382583 -0.040887395 0.998499580
1311867243.942764997 -0.235375356 0.067876973 0.526210835 -0.010744381 -0.030214604 -0.041857761 0.998608814
1311867244.010938406 -0.232585859 0.076162280 0.529905436 -0.007913563 -0.030187818 -0.041461140 0.998652615
1311867244.042874098 -0.224491577 0.072695629 0.534766590 -0.009533132 -0.032462513 -0.040708339 0.998598085
1311867244.074729204 -0.223629820 0.066640930 0.542234893 -0.010759971 -0.033124374 -0.041305639 0.998539355
1311867244.110737085 -0.231785387 0.069481120 0.545310447 -0.010810828 -0.030175814 -0.041983267 0.998604001
1311867244.142751932 -0.229450699 0.076892429 0.550565020 -0.008155911 -0.031256290 -0.040798196 0.998645098
1311867244.174959660 -0.229758624 0.078645974 0.548575717 -0.007709239 -0.030763874 -0.041925725 0.998617237
1311867244.242837191 -0.221284129 0.076793777 0.561858080 -0.008603686 -0.033549666 -0.042961953 0.998476173
1311867244.274849176 -0.219253163 0.079522619 0.568473697 -0.007650102 -0.033596209 -0.042745657 0.998491652
1311867244.311019421 -0.202334849 0.076155635 0.573152281 -0.009565008 -0.038870983 -0.042268928 0.998304009
1311867244.342944860 -0.193016853 0.071836714 0.578249974 -0.010869033 -0.042319862 -0.043116844 0.998114137
1311867244.374806643 -0.205717570 0.068178244 0.578601189 -0.011779572 -0.038635595 -0.044249943 0.998203624
1311867244.410917044 -0.213769885 0.074464270 0.576721581 -0.011350808 -0.036808897 -0.042633397 0.998347964
1311867244.442938566 -0.215694046 0.079140231 0.582604434 -0.009746104 -0.037378464 -0.042293492 0.998358214
1311867244.510909081 -0.179928549 0.075914782 0.593120807 -0.011203623 -0.046620736 -0.041956246 0.997968266
1311867244.543086767 -0.170153623 0.076340848 0.603564963 -0.010448892 -0.048583777 -0.042542466 0.997857994
1311867244.574880362 -0.172231754 0.078791339 0.607788546 -0.009947464 -0.047615239 -0.040802964 0.997982442
1311867244.642828465 -0.150527510 0.087941698 0.623355362 -0.008965761 -0.052464704 -0.040335498 0.997767567
1311867244.674837589 -0.169073269 0.088888748 0.616696708 -0.009280935 -0.045446186 -0.040598492 0.998098327
1311867244.710970163 -0.166672186 0.071763375 0.623239392 -0.014735185 -0.045743598 -0.040792679 0.998011200
1311867244.742795706 -0.172017531 0.086123330 0.624276883 -0.010318504 -0.043530975 -0.040259177 0.998187248
1311867244.774974108 -0.139913863 0.083389855 0.634348622 -0.011797903 -0.052177888 -0.040101800 0.997762559
1311867244.810909986 -0.155577061 0.083153319 0.637238923 -0.012357123 -0.047145233 -0.040286874 0.997998796
1311867244.842820406 -0.154618263 0.095087305 0.638663014 -0.008075669 -0.046549701 -0.039523277 0.998101107
1311867244.910805464 -0.121062928 0.077577432 0.657568981 -0.014539583 -0.055495307 -0.041357771 0.997496068
1311867244.942839146 -0.131068811 0.077134760 0.655944166 -0.015263558 -0.051946339 -0.041177314 0.997683833
1311867244.974988461 -0.137710426 0.074841424 0.662065594 -0.017717321 -0.049768318 -0.040740793 0.997772218
1311867245.010871887 -0.127026725 0.083764067 0.663969485 -0.014872875 -0.051559210 -0.040025750 0.997756676
1311867245.042993307 -0.123452237 0.095019885 0.676632428 -0.011125817 -0.052844539 -0.039585448 0.997755813
1311867245.111116648 -0.133326377 0.063903753 0.666126271 -0.022747644 -0.049665866 -0.039034221 0.997743542
1311867245.142919779 -0.136967172 0.071989395 0.665908901 -0.020618912 -0.047669795 -0.038753890 0.997898085
1311867245.174912453 -0.134720805 0.081619914 0.674306292 -0.017845194 -0.047751280 -0.039983353 0.997899141
1311867245.210898161 -0.138569314 0.072108952 0.674358618 -0.020411023 -0.047583828 -0.038818943 0.997903933
1311867245.242901325 -0.146233026 0.069023013 0.675700681 -0.021657434 -0.045224747 -0.039667161 0.997954004
1311867245.312008619 -0.162793192 0.101322531 0.689760495 -0.010745920 -0.039600048 -0.040245739 0.998346955
1311867245.343010664 -0.173882572 0.101023767 0.688215196 -0.010209641 -0.036161910 -0.041879926 0.998415821
1311867245.374937296 -0.146140441 0.101231518 0.704164155 -0.009622135 -0.045580448 -0.039953361 0.998115007
1311867245.412235498 -0.167186030 0.110830946 0.704187598 -0.007030749 -0.038994404 -0.043130598 0.998283405
1311867245.442883015 -0.173344853 0.110358459 0.705808313 -0.007460492 -0.036243423 -0.043740229 0.998357425
1311867245.475145102 -0.133023661 0.079437478 0.716922554 -0.018510470 -0.050409358 -0.041882315 0.997678370
1311867245.542960882 -0.118013518 0.085520354 0.729539658 -0.018255706 -0.055395291 -0.040186180 0.997488427
1311867245.574940920 -0.121879697 0.085940838 0.734189100 -0.020153178 -0.053753877 -0.040309256 0.997536733
1311867245.610913277 -0.132882129 0.082288945 0.736742011 -0.020288636 -0.051122030 -0.042121677 0.997597451
1311867245.675174713 -0.129362119 0.086990522 0.745385890 -0.019143944 -0.051702105 -0.042605985 0.997569612
1311867245.710916758 -0.134029086 0.084102140 0.751225704 -0.019366098 -0.050623950 -0.042829063 0.997611067
1311867245.742981911 -0.134488562 0.084742793 0.754715970 -0.019690472 -0.051329882 -0.041795419 0.997612486
1311867245.775251627 -0.136213072 0.080286379 0.757901021 -0.021853276 -0.051139752 -0.041766891 0.997578411
1311867245.811035156 -0.127966909 0.080601250 0.762978439 -0.020487409 -0.053436638 -0.043308749 0.997421247
1311867245.842823267 -0.136062303 0.083661464 0.764624406 -0.019563553 -0.051118787 -0.042859639 0.997580668
1311867245.875777006 -0.139432773 0.074301887 0.768712170 -0.022981690 -0.050932898 -0.043511885 0.997489046
1311867245.911075115 -0.132947283 0.077740293 0.771687493 -0.021442635 -0.053348653 -0.043389406 0.997402373
1311867245.942886829 -0.136001953 0.079761899 0.774630503 -0.021201241 -0.052710248 -0.043702718 0.997427797
1311867245.975135326 -0.137099581 0.078128136 0.779274419 -0.021764037 -0.053164047 -0.045153205 0.997326977
1311867246.011242390 -0.144186440 0.076169275 0.779023935 -0.023223912 -0.051149700 -0.046627690 0.997331548
1311867246.042923212 -0.131559011 0.083431204 0.791547448 -0.021481766 -0.056031341 -0.047397296 0.997071973
1311867246.075233459 -0.137532238 0.088084652 0.791841095 -0.021401227 -0.054215547 -0.048340373 0.997128813
1311867246.110924721 -0.141083817 0.089181088 0.794074047 -0.022600796 -0.053417179 -0.049380769 0.997094453
1311867246.174981356 -0.148274414 0.096334018 0.799016926 -0.022487179 -0.051337450 -0.050388151 0.997155869
1311867246.210963964 -0.137957823 0.105035539 0.809741550 -0.020772819 -0.055257214 -0.050594515 0.996973082
1311867246.242939949 -0.143178875 0.103168012 0.811491957 -0.023495508 -0.052656130 -0.051064228 0.997029457
1311867246.275065422 -0.158247014 0.101459403 0.810797725 -0.025971670 -0.047745871 -0.050989850 0.997219053
1311867246.310871601 -0.170582478 0.111293172 0.809698970 -0.024414581 -0.042673847 -0.051883572 0.997442212
1311867246.342931509 -0.134374382 0.094395758 0.820617816 -0.031023259 -0.055817298 -0.051513606 0.996628484
1311867246.375297308 -0.138228249 0.100000943 0.823478375 -0.029998214 -0.053829938 -0.052355224 0.996725326
1311867246.410931349 -0.143418567 0.102044542 0.824030069 -0.030100627 -0.051165644 -0.052335398 0.996863599
1311867246.443077326 -0.139637497 0.098347556 0.830973160 -0.032803306 -0.052941826 -0.052140413 0.996695783
1311867246.475133181 -0.146796752 0.111222537 0.834975897 -0.028515675 -0.050793957 -0.051283489 0.996983868
1311867246.510967731 -0.131600139 0.094958560 0.840481968 -0.035603551 -0.056393701 -0.052127547 0.996410988
1311867246.543113470 -0.153628004 0.102427966 0.839426781 -0.034117340 -0.048448544 -0.051339076 0.996921785
1311867246.575203657 -0.145694062 0.093304663 0.839469279 -0.036918777 -0.051684368 -0.051212465 0.996665949
1311867246.611124992 -0.138661505 0.108058299 0.843436029 -0.031350048 -0.053552223 -0.050810051 0.996778648
1311867246.643187046 -0.144023573 0.107023405 0.849035402 -0.031987498 -0.052225606 -0.050483322 0.996845384
1311867246.675168991 -0.142236194 0.093316708 0.847959334 -0.036369533 -0.053119127 -0.051045746 0.996619259
1311867246.711056232 -0.143009193 0.096118279 0.849347588 -0.034940643 -0.052771126 -0.050944664 0.996694036
1311867246.774986267 -0.140492237 0.096716186 0.852847913 -0.033362090 -0.054188312 -0.051755912 0.996630284
1311867246.811192513 -0.133521278 0.094394104 0.858371039 -0.034232878 -0.056743387 -0.051390387 0.996477459
1311867246.843092203 -0.152392141 0.102894037 0.853385026 -0.030655236 -0.049611116 -0.050382192 0.997025892
1311867246.875078440 -0.156626621 0.109687485 0.856985066 -0.027948302 -0.048767717 -0.050028341 0.997164865
1311867246.911154985 -0.138898594 0.089178304 0.857174171 -0.034979962 -0.054302692 -0.050865430 0.996614433
1311867246.943061352 -0.145411354 0.079425455 0.858745106 -0.038055392 -0.052377911 -0.051435072 0.996575524
1311867246.975123644 -0.140632088 0.103165081 0.857151882 -0.028660310 -0.053010042 -0.051407870 0.996857940
1311867247.010909081 -0.159943760 0.106921346 0.858648059 -0.027245830 -0.045931909 -0.051699666 0.997233708
1311867247.044072628 -0.154443122 0.100724237 0.859787349 -0.029290337 -0.047695478 -0.052567161 0.997047597
1311867247.075191975 -0.160399665 0.114497250 0.861957616 -0.024760777 -0.045210734 -0.052140079 0.997308531
1311867247.111214638 -0.163747811 0.114199836 0.861132051 -0.025087799 -0.043816438 -0.052163310 0.997361374
1311867247.143044233 -0.134691130 0.088637627 0.867209184 -0.034286551 -0.054286882 -0.051929330 0.996584523
1311867247.175162554 -0.133686600 0.098149632 0.869143017 -0.031749794 -0.054207967 -0.050721698 0.996735048
1311867247.211319208 -0.149103739 0.100028368 0.866467237 -0.030238982 -0.049998296 -0.049559333 0.997060503
1311867247.243728399 -0.126671458 0.078135100 0.871310591 -0.036370937 -0.059120681 -0.049294039 0.996369408
1311867247.277719021 -0.152839485 0.093908497 0.862061376 -0.030622458 -0.049307630 -0.049759103 0.997073244
1311867247.343205214 -0.164192111 0.088750227 0.859817129 -0.031058555 -0.048546052 -0.050145707 0.997077758
1311867247.375307322 -0.163322707 0.091435410 0.859278257 -0.030027607 -0.050188864 -0.049515388 0.997059500
1311867247.411675453 -0.180144083 0.081570968 0.856932035 -0.032583858 -0.045434384 -0.050926808 0.997136134
1311867247.444092751 -0.167982368 0.091172752 0.854814300 -0.027334899 -0.050144539 -0.051734310 0.997026524
1311867247.475102901 -0.182743286 0.109791538 0.850989707 -0.020087710 -0.045138300 -0.051204333 0.997465355
1311867247.511045456 -0.186799141 0.107006151 0.847749052 -0.018820378 -0.043686061 -0.051749046 0.997526620
1311867247.575121164 -0.172797065 0.093882883 0.842169228 -0.021695705 -0.047931955 -0.052490076 0.997234484
1311867247.611460686 -0.190893784 0.073358611 0.834972444 -0.027476675 -0.041927214 -0.053853441 0.997289801
1311867247.643110991 -0.158283688 0.076204656 0.830721400 -0.025321502 -0.052833166 -0.053611802 0.996841639
1311867247.675075531 -0.159388479 0.070905651 0.828738005 -0.025285790 -0.052230755 -0.054933076 0.996802355
1311867247.711237669 -0.169663599 0.063728927 0.819792436 -0.025138883 -0.048489110 -0.053916807 0.997050561
1311867247.743121862 -0.179814311 0.076961186 0.810619200 -0.019333174 -0.042605155 -0.053039040 0.997495809
1311867247.775041342 -0.187663997 0.075988244 0.804341265 -0.018786231 -0.037775566 -0.053598779 0.997670915
1311867247.843889713 -0.182937565 0.066341903 0.794462487 -0.021075804 -0.037087586 -0.054455622 0.997604584
1311867247.875244141 -0.178745766 0.061749366 0.792107020 -0.023340643 -0.038314700 -0.054862095 0.997485513
1311867247.911329269 -0.173099606 0.068794727 0.788507633 -0.019614267 -0.039709661 -0.055786789 0.997459903
1311867247.943061829 -0.165980800 0.061799686 0.786001442 -0.021829136 -0.041495963 -0.056219416 0.997316876
1311867247.976983309 -0.163332747 0.054076342 0.780571362 -0.024886637 -0.042048125 -0.057523452 0.997147764
1311867248.010990858 -0.170288270 0.052375626 0.778408938 -0.023235130 -0.039901304 -0.057803439 0.997259634
1311867248.043196678 -0.166579217 0.061715501 0.773361143 -0.019144865 -0.040795731 -0.058265102 0.997283490
1311867248.075142145 -0.152426003 0.046605546 0.774981547 -0.023656657 -0.045783359 -0.058494378 0.996956696
1311867248.112182856 -0.160239381 0.047107745 0.764918433 -0.022443604 -0.042783816 -0.057924811 0.997151215
1311867248.175749779 -0.164766079 0.058021886 0.755124980 -0.016904592 -0.040734507 -0.057246267 0.997385482
1311867248.211186409 -0.147627881 0.045912258 0.752872175 -0.020200399 -0.046650916 -0.056465771 0.997109449
1311867248.243143320 -0.150473312 0.045251098 0.748084015 -0.019984484 -0.045579192 -0.056309113 0.997172223
1311867248.275529385 -0.155989982 0.049277655 0.744989369 -0.018518609 -0.043488595 -0.056454324 0.997285672
1311867248.311223269 -0.179476041 0.059732601 0.732673202 -0.014323498 -0.034778119 -0.056033111 0.997720206
1311867248.343459129 -0.161504615 0.052039488 0.731936445 -0.016801817 -0.040497761 -0.055752233 0.997481488
1311867248.411556005 -0.153798211 0.053262063 0.727409477 -0.018508121 -0.042344991 -0.055440113 0.997391972
1311867248.443136930 -0.152650858 0.055147665 0.722043431 -0.018519535 -0.042304362 -0.054946224 0.997420814
1311867248.475923538 -0.153879129 0.055184678 0.716420941 -0.019102004 -0.040919341 -0.054787307 0.997476352
1311867248.511150599 -0.165480114 0.061196471 0.708870491 -0.017982418 -0.036609752 -0.055039749 0.997650733
1311867248.543189287 -0.175987053 0.065466763 0.703008355 -0.017101426 -0.033128429 -0.054347501 0.997825835
1311867248.575187445 -0.148789839 0.061101030 0.702913222 -0.017986874 -0.041763581 -0.054543628 0.997475447
1311867248.643245220 -0.176556114 0.066642578 0.687916308 -0.017665485 -0.032902143 -0.054670881 0.997805830
1311867248.675308466 -0.165910372 0.054830778 0.685475664 -0.021346440 -0.036640507 -0.054408377 0.997617929
1311867248.711282969 -0.177482210 0.069723585 0.677536321 -0.017762233 -0.033290023 -0.054047952 0.997825183
1311867248.743298769 -0.163225379 0.060887879 0.675349364 -0.020378851 -0.037788384 -0.054341976 0.997598963
1311867248.776221991 -0.157200844 0.064095670 0.674093809 -0.019595264 -0.039420674 -0.053462606 0.997599011
1311867248.811189413 -0.154245730 0.066864822 0.669400401 -0.019808224 -0.040750188 -0.051805232 0.997628826
1311867248.843318939 -0.161443419 0.057429656 0.661990126 -0.022492130 -0.039027389 -0.052861571 0.997585395
1311867248.911170483 -0.154641301 0.068777461 0.654734951 -0.018369029 -0.039306344 -0.052280617 0.997689494
1311867248.943096876 -0.168738798 0.074500285 0.646566957 -0.016483220 -0.034933153 -0.052578296 0.997869481
1311867248.976588726 -0.182453401 0.080515117 0.635271414 -0.013255950 -0.030368261 -0.052805401 0.998054927
1311867249.011259317 -0.157923039 0.076301831 0.629754771 -0.014778701 -0.036281629 -0.052726449 0.997840245
1311867249.043231249 -0.146096455 0.063684354 0.627204625 -0.018518873 -0.038032418 -0.053360074 0.997678951
1311867249.079905748 -0.168791988 0.079842330 0.617307234 -0.013421449 -0.030560455 -0.053593654 0.998004831
1311867249.143598318 -0.127288685 0.072375670 0.617975715 -0.016709507 -0.040815866 -0.052573964 0.997642639
1311867249.178513050 -0.146312699 0.060275428 0.604324310 -0.019643916 -0.033152513 -0.052861031 0.997858075
1311867249.211358547 -0.143054705 0.056234838 0.595605317 -0.020221931 -0.033306947 -0.052336588 0.997869031
1311867249.243277550 -0.155860121 0.066702590 0.592118480 -0.018203730 -0.027987381 -0.052430886 0.998066297
1311867249.277340174 -0.121981015 0.053544698 0.589042282 -0.019449479 -0.036682127 -0.054274546 0.997662474
1311867249.343724966 -0.126988885 0.058897504 0.574003252 -0.018689105 -0.033879353 -0.053558780 0.997814794
1311867249.376845121 -0.133660990 0.058266506 0.567501273 -0.017651369 -0.031608832 -0.054007163 0.997884030
1311867249.411216974 -0.126904706 0.061313642 0.561405425 -0.015815987 -0.031982149 -0.054840314 0.997857473
1311867249.443221331 -0.128121008 0.062086462 0.558937690 -0.016289220 -0.031137731 -0.054933051 0.997871466
1311867249.511134148 -0.128723509 0.053343156 0.548697690 -0.017157016 -0.031850414 -0.054837140 0.997839705
1311867249.543230534 -0.123207468 0.059283546 0.539043468 -0.016038731 -0.032241057 -0.055022894 0.997835535
1311867249.575909853 -0.132758874 0.051304475 0.537418174 -0.018485406 -0.029089917 -0.056101915 0.997829966
1311867249.611222267 -0.130481057 0.055775176 0.533226040 -0.016372159 -0.030309001 -0.054021807 0.997945370
1311867249.643378496 -0.132346221 0.051131933 0.519347807 -0.018835322 -0.030475546 -0.053648848 0.997916967
1311867249.675103426 -0.135241860 0.059320566 0.519208650 -0.017432011 -0.029318875 -0.054197492 0.997947474
1311867249.711139441 -0.129541922 0.051558959 0.516479591 -0.018025820 -0.030511167 -0.055550588 0.997826774
1311867249.775157690 -0.121629939 0.060877733 0.509252993 -0.017907762 -0.033525392 -0.054470468 0.997791726
1311867249.811149120 -0.126278303 0.053311850 0.501740017 -0.020310232 -0.032281941 -0.054451600 0.997787750
1311867249.843324661 -0.126140291 0.056732747 0.494056742 -0.020436152 -0.031893294 -0.054057673 0.997819097
1311867249.878394604 -0.129257095 0.057591742 0.488685037 -0.022052790 -0.030777856 -0.053983403 0.997823727
1311867249.911239624 -0.125605252 0.063838712 0.486199835 -0.020644784 -0.032000904 -0.053143698 0.997860452
1311867249.943276882 -0.131243599 0.055078337 0.477174497 -0.022944688 -0.030198712 -0.053810602 0.997830646
1311867249.975170135 -0.124552148 0.058935698 0.477601691 -0.021700439 -0.032450748 -0.053247728 0.997817979
1311867250.043426514 -0.123963151 0.064356583 0.463380692 -0.020418369 -0.032805347 -0.052360533 0.997880391
1311867250.076673269 -0.133790809 0.059879387 0.456482721 -0.020596395 -0.030175970 -0.052097021 0.997973496
1311867250.111610174 -0.119659133 0.071330156 0.454743204 -0.017083626 -0.033631920 -0.052924039 0.997885810
1311867250.143222570 -0.122805314 0.060582402 0.448668704 -0.020224910 -0.032417679 -0.052736990 0.997877175
1311867250.175891161 -0.113677141 0.070550182 0.449554552 -0.016260344 -0.034513185 -0.053019494 0.997864407
1311867250.213337183 -0.126079317 0.059333321 0.435960527 -0.019841086 -0.031043885 -0.052366620 0.997948068
1311867250.275168419 -0.135490468 0.066295973 0.421657264 -0.018969121 -0.027831176 -0.052360783 0.998060092
1311867250.311440706 -0.131114039 0.060119961 0.416185583 -0.020801307 -0.028172499 -0.053940222 0.997929892
1311867250.343196869 -0.132823059 0.063374471 0.412304531 -0.020756730 -0.027221767 -0.053451751 0.997983489
1311867250.378063917 -0.137634035 0.054689327 0.409385558 -0.023838369 -0.026715609 -0.053227498 0.997940300
1311867250.411648512 -0.125728553 0.067086117 0.407339456 -0.019675589 -0.030351526 -0.053401146 0.997917819
1311867250.444170475 -0.133061909 0.057268723 0.394024220 -0.022335803 -0.028014297 -0.052726358 0.997966053
1311867250.511321545 -0.134449922 0.053979183 0.386565212 -0.024471384 -0.026015988 -0.052774846 0.997967502
1311867250.544329882 -0.138053860 0.062998138 0.377415657 -0.020982794 -0.024747394 -0.052024425 0.998118604
1311867250.579348803 -0.128993130 0.064353113 0.377906432 -0.021880351 -0.027097668 -0.051220870 0.998079851
1311867250.611488342 -0.130731334 0.059080075 0.372517208 -0.023370513 -0.025798600 -0.052017501 0.998039293
1311867250.643375635 -0.131567111 0.066706733 0.371401200 -0.020057084 -0.024892651 -0.051753894 0.998148087
1311867250.679553509 -0.124973618 0.062758346 0.365244621 -0.021197004 -0.026211479 -0.051569859 0.998100293
1311867250.711292267 -0.124447693 0.076370828 0.363263642 -0.017540548 -0.026097582 -0.051574275 0.998174003
1311867250.744544983 -0.115902276 0.065855993 0.359739610 -0.019162234 -0.028184885 -0.052048410 0.998062816
1311867250.779283047 -0.123285752 0.074595854 0.353428949 -0.016370688 -0.025504892 -0.051617751 0.998206947
1311867250.814558029 -0.130365916 0.072692638 0.348866230 -0.017462309 -0.023619782 -0.050970093 0.998268112
1311867250.843347311 -0.129049244 0.064214619 0.347086785 -0.018703266 -0.024719415 -0.051566117 0.998188396
1311867250.911636591 -0.131913916 0.061528080 0.336546154 -0.017842139 -0.023336248 -0.052499483 0.998188801
1311867250.943372011 -0.136936843 0.069413103 0.331453658 -0.014917769 -0.023018124 -0.051837838 0.998278751
1311867250.979305029 -0.124967881 0.056489780 0.329268534 -0.018164329 -0.026291846 -0.051829340 0.998144536
1311867251.011246443 -0.119156647 0.059396146 0.326916573 -0.018055273 -0.027837454 -0.050943324 0.998150220
1311867251.043773651 -0.139101535 0.059524292 0.316697049 -0.017490851 -0.022001783 -0.052083496 0.998247114
1311867251.079316378 -0.132790887 0.058351792 0.321086166 -0.017148264 -0.024567471 -0.050877083 0.998255428
1311867251.143280268 -0.133125014 0.051410506 0.316521561 -0.020278790 -0.025239592 -0.051164251 0.998165293
1311867251.179425001 -0.133722991 0.043162997 0.300298400 -0.021560990 -0.023960336 -0.052487946 0.998101218
1311867251.211383104 -0.135067700 0.046858573 0.296530138 -0.021646744 -0.023459001 -0.052511429 0.998110036
1311867251.247232199 -0.141400548 0.053387891 0.298570870 -0.020841643 -0.022568481 -0.051688542 0.998190655
1311867251.279370070 -0.141740761 0.055619964 0.298776479 -0.018683877 -0.023519999 -0.051519002 0.998220174
1311867251.313387632 -0.143334902 0.059075880 0.293326106 -0.017933598 -0.023637202 -0.051000521 0.998257790
1311867251.343241692 -0.151141725 0.046809848 0.281079651 -0.021264968 -0.022526515 -0.051543497 0.998190175
1311867251.411345243 -0.149767558 0.050171238 0.276310362 -0.019291937 -0.023030521 -0.050449830 0.998274627
1311867251.443378687 -0.143751184 0.044204214 0.277706586 -0.020462697 -0.025117864 -0.050697674 0.998188418
1311867251.479337931 -0.153717213 0.042669046 0.268740778 -0.020747355 -0.022201691 -0.050799018 0.998246509
1311867251.513640881 -0.154442568 0.042180287 0.263264161 -0.020258909 -0.021834328 -0.050616108 0.998273935
1311867251.543174744 -0.155432510 0.046511954 0.260058349 -0.019030375 -0.021129378 -0.051305291 0.998278098
1311867251.579534054 -0.137442519 0.046529574 0.261844992 -0.019294947 -0.025084685 -0.051356097 0.998178849
1311867251.611953259 -0.131080639 0.042928254 0.253345266 -0.020223621 -0.025358997 -0.052662334 0.998085470
1311867251.643295765 -0.125356415 0.041934157 0.258200337 -0.020051263 -0.027340797 -0.052827475 0.998027898
1311867251.679727793 -0.160448909 0.047088547 0.247223801 -0.018709558 -0.019195628 -0.052164779 0.998278677
1311867251.712294340 -0.149367139 0.051906266 0.245646910 -0.017609858 -0.021751947 -0.052238060 0.998242421
1311867251.779744625 -0.155431131 0.041639184 0.237291803 -0.020937095 -0.020429787 -0.053737297 0.998126527
1311867251.811253309 -0.158075228 0.038946697 0.231248673 -0.020774321 -0.020716473 -0.052729444 0.998177770
1311867251.843328476 -0.160337918 0.042323973 0.228655341 -0.021029848 -0.020886143 -0.052173523 0.998198096
1311867251.880542040 -0.171843092 0.043267305 0.224951676 -0.020830291 -0.018982284 -0.052438380 0.998226421
1311867251.911248922 -0.169108298 0.042854487 0.216742648 -0.020687428 -0.019721130 -0.051987962 0.998238628
1311867251.943218231 -0.160388993 0.035550992 0.211361595 -0.023846914 -0.021715176 -0.052219434 0.998114676
1311867252.011885881 -0.167834680 0.043883183 0.211214397 -0.022813106 -0.020456493 -0.051025349 0.998227182
1311867252.044102669 -0.155843275 0.042619960 0.206585557 -0.023323101 -0.023349351 -0.051728925 0.998115704
1311867252.079454422 -0.164769120 0.044529055 0.201376974 -0.023136142 -0.021239109 -0.051782469 0.998164413
1311867252.112225533 -0.161539430 0.037458158 0.194012752 -0.025063458 -0.021524927 -0.052262508 0.998086735
1311867252.143294811 -0.162606237 0.037081639 0.194174290 -0.024155296 -0.021596784 -0.052705734 0.998084268
1311867252.179435730 -0.162950634 0.038421344 0.190227535 -0.023286721 -0.021888156 -0.052999729 0.998082996
1311867252.211346149 -0.164089915 0.044670597 0.185956422 -0.021939692 -0.021037962 -0.053610712 0.998099166
1311867252.243281364 -0.163225043 0.019856505 0.180341559 -0.027372778 -0.022173047 -0.054691745 0.997881706
1311867252.311267376 -0.173929346 0.025894810 0.169792382 -0.023678501 -0.020550387 -0.055028478 0.997992423
1311867252.345028639 -0.172379741 0.026090254 0.163800343 -0.023666606 -0.021424431 -0.054531865 0.998001584
1311867252.379458666 -0.173878059 0.016396930 0.162209767 -0.023881899 -0.023028198 -0.054891533 0.997941019
1311867252.411196947 -0.168428693 0.015691223 0.161211561 -0.021077081 -0.027109695 -0.053315746 0.997987100
1311867252.445596695 -0.175847077 0.012707989 0.147994496 -0.021312622 -0.025423572 -0.053243406 0.998030337
1311867252.479289532 -0.180259604 0.002183077 0.135674736 -0.023508822 -0.024597550 -0.053603393 0.997982451
1311867252.511224508 -0.175057699 0.001534134 0.137308645 -0.021699041 -0.026802736 -0.053809870 0.997955542
1311867252.543281555 -0.176301994 0.003937693 0.130070924 -0.021099338 -0.026528419 -0.053805445 0.997975969
1311867252.611279964 -0.204698658 -0.011537980 0.117448186 -0.023840282 -0.020795380 -0.055536995 0.997955327
1311867252.643277168 -0.198339043 -0.011937091 0.111459292 -0.023160863 -0.023642766 -0.055007318 0.997937267
1311867252.679249048 -0.190920562 -0.006095587 0.106809374 -0.021589902 -0.026325191 -0.054502522 0.997933032
1311867252.711248875 -0.193171758 -0.009451885 0.104897823 -0.021463964 -0.026432934 -0.054075996 0.997956104
1311867252.779273272 -0.192351839 -0.004150242 0.087274238 -0.017712823 -0.028956610 -0.052019104 0.998069027
1311867252.811278343 -0.187768000 -0.013134671 0.086502889 -0.020655327 -0.031048449 -0.052382033 0.997930596
1311867252.843319178 -0.189040695 -0.041922373 0.078543969 -0.027153637 -0.031789907 -0.051400625 0.997802615
1311867252.879265785 -0.198433890 -0.034179129 0.078659057 -0.025206534 -0.030229285 -0.051054909 0.997919945
1311867252.911219120 -0.208596217 -0.019868163 0.066386580 -0.023895301 -0.028058180 -0.050195742 0.998059187
1311867252.980601549 -0.190979631 -0.023228202 0.060435068 -0.024170632 -0.034797659 -0.049055260 0.997897031
1311867253.011381149 -0.189341183 -0.027243655 0.046167087 -0.026743874 -0.035056763 -0.051161353 0.997716545
1311867253.043430805 -0.197481115 -0.042542712 0.047427233 -0.030116113 -0.034154044 -0.053298872 0.997539849
1311867253.079920530 -0.194927314 -0.033586149 0.043686240 -0.026328254 -0.034631399 -0.053973834 0.997594263
1311867253.111302376 -0.201557286 -0.032114054 0.034923229 -0.026732745 -0.032597313 -0.053388541 0.997683537
1311867253.179404736 -0.216294765 -0.035687165 0.028231353 -0.027977987 -0.030357428 -0.054108307 0.997681287
1311867253.211216211 -0.202483866 -0.037421084 0.019893970 -0.027884707 -0.034263041 -0.054507634 0.997535666
1311867253.245841265 -0.192383039 -0.042848051 0.013315023 -0.029679807 -0.036404497 -0.054965747 0.997382870
1311867253.279395103 -0.183660065 -0.050397878 0.008920111 -0.031469753 -0.038925085 -0.055631143 0.997195903
1311867253.311408043 -0.186899782 -0.048362157 0.011054326 -0.031161527 -0.038690989 -0.055559052 0.997218711
1311867253.379408360 -0.195599949 -0.044157944 0.001627065 -0.030915155 -0.037205381 -0.054471370 0.997342911
1311867253.412926197 -0.180020284 -0.055876091 -0.011323477 -0.033323330 -0.039835946 -0.054479241 0.997163309
1311867253.444490910 -0.182885371 -0.050084311 -0.009130494 -0.031893722 -0.039078521 -0.055159929 0.997202608
1311867253.480477810 -0.178634628 -0.042641972 -0.017165765 -0.032139575 -0.038823007 -0.054308691 0.997251417
1311867253.511374235 -0.167478219 -0.053178686 -0.019227114 -0.034864506 -0.040043424 -0.055867873 0.997025462
1311867253.579407215 -0.154105840 -0.066727430 -0.027582189 -0.037721592 -0.040876151 -0.058004067 0.996765644
1311867253.611801624 -0.171681181 -0.061728308 -0.032427084 -0.036818002 -0.036574361 -0.058408718 0.996942913
1311867253.644463062 -0.175976340 -0.069517045 -0.031708614 -0.038002017 -0.035020477 -0.059727215 0.996876157
1311867253.679978848 -0.176948803 -0.063847488 -0.040280082 -0.037845482 -0.034228488 -0.058939038 0.996956529
1311867253.743536949 -0.194623620 -0.086004437 -0.048067280 -0.041985503 -0.032190839 -0.059032078 0.996853139
1311867253.780402184 -0.187496554 -0.086272910 -0.060443853 -0.040654782 -0.033727550 -0.059774573 0.996813243
1311867253.811300755 -0.193805005 -0.081007001 -0.065523510 -0.038995265 -0.034105847 -0.059069065 0.996908725
1311867253.846601009 -0.202644780 -0.097298573 -0.063155966 -0.041715411 -0.034337908 -0.060660039 0.996695085
1311867253.879206181 -0.228198497 -0.088742781 -0.066537754 -0.038037287 -0.030401251 -0.061494567 0.996918927
1311867253.946103573 -0.237464814 -0.093436461 -0.079883379 -0.036966961 -0.031739254 -0.058590674 0.997092371
1311867253.979414701 -0.226305236 -0.098197821 -0.092368482 -0.038158785 -0.034759219 -0.057263052 0.997023895
1311867254.011966228 -0.247195595 -0.105544317 -0.090437010 -0.038341754 -0.032289745 -0.058866084 0.997006553
1311867254.045766592 -0.257207508 -0.088846330 -0.096438852 -0.034073511 -0.031560297 -0.057967000 0.997237570
1311867254.111352682 -0.248957457 -0.123629136 -0.109318803 -0.037504243 -0.034093861 -0.059493448 0.996941107
1311867254.147684574 -0.264594314 -0.102459896 -0.115193471 -0.031315217 -0.030874845 -0.057900888 0.997353292
1311867254.179512501 -0.265832701 -0.104203409 -0.120675989 -0.030493077 -0.030108017 -0.059338003 0.997317743
1311867254.246904373 -0.246895587 -0.123702407 -0.138565984 -0.030664459 -0.030403533 -0.061141122 0.997194605
1311867254.279856920 -0.269988310 -0.108927823 -0.140364977 -0.028321381 -0.023115438 -0.060202920 0.997516508
1311867254.311462879 -0.282957016 -0.114930893 -0.137589677 -0.031230578 -0.019312901 -0.060585640 0.997487365
1311867254.379449368 -0.274221769 -0.103880794 -0.150788121 -0.026272413 -0.019494126 -0.063324397 0.997456646
1311867254.411535025 -0.319764928 -0.125581645 -0.145810004 -0.030779555 -0.009623052 -0.063599896 0.997454294
1311867254.448323011 -0.315392426 -0.129309229 -0.161186738 -0.031921562 -0.011249424 -0.062600681 0.997464595
1311867254.479448080 -0.323587246 -0.135334232 -0.161596790 -0.032556712 -0.011864095 -0.061803382 0.997486664
1311867254.550045729 -0.344847659 -0.115664892 -0.172683206 -0.027298903 -0.011759260 -0.061134159 0.997686877
1311867254.579487562 -0.333592017 -0.119113027 -0.188018497 -0.027005485 -0.015251760 -0.061184518 0.997644497
1311867254.611481190 -0.326742777 -0.120743628 -0.198384593 -0.027577394 -0.017097908 -0.059202040 0.997718531
1311867254.679489613 -0.360676965 -0.113016369 -0.201488018 -0.027771849 -0.011369026 -0.059412427 0.997782358
1311867254.711322784 -0.370171360 -0.089683989 -0.200465916 -0.021732609 -0.010062804 -0.059399065 0.997946985
1311867254.779465437 -0.365106799 -0.099092486 -0.216323806 -0.023114552 -0.009932622 -0.059114038 0.997934162
1311867254.811573505 -0.327400220 -0.094747334 -0.233905207 -0.021483701 -0.017630964 -0.059013008 0.997870264
1311867254.848264694 -0.311686407 -0.088207115 -0.245502547 -0.019291526 -0.020658505 -0.058817688 0.997868500
1311867254.879490614 -0.320982926 -0.084308607 -0.252776139 -0.018685501 -0.018585078 -0.058885313 0.997916814
1311867254.949070692 -0.331475431 -0.069336355 -0.256047522 -0.014522974 -0.015895525 -0.059071166 0.998021549
1311867255.015429974 -0.330686952 -0.062262271 -0.263902317 -0.012460599 -0.015778248 -0.059573186 0.998021451
1311867255.049417734 -0.324889163 -0.074749510 -0.271551163 -0.013450998 -0.017231428 -0.059552106 0.997985819
1311867255.082193851 -0.333296632 -0.077254155 -0.274902932 -0.013847749 -0.015247329 -0.060313451 0.997966957
1311867255.117683887 -0.313337124 -0.079218223 -0.286168658 -0.013969052 -0.019077303 -0.060014741 0.997917408
1311867255.183782578 -0.315404291 -0.075598910 -0.296912188 -0.011022540 -0.018152873 -0.060315926 0.997953389
1311867255.216912746 -0.321243873 -0.077909889 -0.305830931 -0.011380855 -0.016311301 -0.060814316 0.997950919
1311867255.245905876 -0.317846846 -0.080418205 -0.303210203 -0.011658241 -0.017789035 -0.059584051 0.997996682
1311867255.279366255 -0.337361970 -0.082089079 -0.303200717 -0.010984517 -0.015000572 -0.060380807 0.998002245
1311867255.346830606 -0.317100356 -0.084848094 -0.314724166 -0.010349716 -0.017076352 -0.060591055 0.997962928
1311867255.379475117 -0.318221686 -0.077756764 -0.322039912 -0.007365439 -0.015400967 -0.062010480 0.997929487
1311867255.413756371 -0.324717155 -0.081145353 -0.324595228 -0.007299855 -0.014470854 -0.059277718 0.998109943
1311867255.479481936 -0.311213384 -0.085708467 -0.339175948 -0.006862964 -0.015537719 -0.058577784 0.998138328
1311867255.515584946 -0.318078694 -0.077848797 -0.339136068 -0.005109460 -0.013167623 -0.058754743 0.998172524
1311867255.545729876 -0.332214711 -0.081414949 -0.349894143 -0.005949263 -0.008779065 -0.059797220 0.998154210
1311867255.615323067 -0.355154579 -0.097163468 -0.353594982 -0.007155364 -0.002988908 -0.060333675 0.998148143
1311867255.645642042 -0.331052607 -0.089049959 -0.360019741 -0.006651278 -0.006677394 -0.059848303 0.998162989
1311867255.680081367 -0.346410255 -0.080763149 -0.361291813 -0.006107674 -0.003177566 -0.058490487 0.998264225
1311867255.745767355 -0.321022888 -0.085163126 -0.381851559 -0.005633764 -0.007452941 -0.059243132 0.998199863
1311867255.780995607 -0.344311336 -0.079019504 -0.378954561 -0.006971971 -0.002199457 -0.058805710 0.998242677
1311867255.817593098 -0.309683004 -0.094951797 -0.395186147 -0.010558354 -0.008542574 -0.060847809 0.998054653
1311867255.879379511 -0.292348165 -0.091392847 -0.412338486 -0.011702482 -0.012915879 -0.060529399 0.998014240
1311867255.945900917 -0.333314862 -0.082278706 -0.405967911 -0.012182812 -0.005897872 -0.059581992 0.998131645
1311867255.979486465 -0.352937910 -0.085014644 -0.406381834 -0.012051677 -0.002995713 -0.058097683 0.998233661
1311867256.017782927 -0.339654161 -0.099663978 -0.418131404 -0.014764611 -0.006079463 -0.058867646 0.998138090
1311867256.046004057 -0.328288061 -0.090671886 -0.423290642 -0.013194069 -0.009196941 -0.060498114 0.998038732
1311867256.116729975 -0.322574336 -0.079658457 -0.436598064 -0.010754156 -0.012321941 -0.061552727 0.997969829
1311867256.145219088 -0.335531874 -0.074635534 -0.433132064 -0.010562548 -0.010755109 -0.060930675 0.998028162
1311867256.217736721 -0.342770109 -0.093684993 -0.443117791 -0.012412791 -0.014765481 -0.065476824 0.997667624
1311867256.245462179 -0.347476710 -0.102430175 -0.456329148 -0.014189798 -0.015030786 -0.065611330 0.997631134
1311867256.284698009 -0.392882222 -0.079338307 -0.436482545 -0.010236208 -0.008889860 -0.063666279 0.997879149
1311867256.347168922 -0.360189435 -0.094934250 -0.455164250 -0.009853766 -0.019338804 -0.065311441 0.997628854
1311867256.384803295 -0.377518814 -0.096667956 -0.457923874 -0.009728829 -0.016400278 -0.065490159 0.997670998
1311867256.415852547 -0.387746112 -0.099516744 -0.470883859 -0.009236067 -0.015007573 -0.067483957 0.997564726
1311867256.484374762 -0.405252574 -0.099724989 -0.484694911 -0.009962263 -0.014644785 -0.065337908 0.997705989
1311867256.513576746 -0.404338262 -0.080349140 -0.481532840 -0.006779327 -0.017551242 -0.066829205 0.997587015
1311867256.547861099 -0.375567076 -0.070216546 -0.483223365 -0.004442993 -0.025270487 -0.065998753 0.997489763
1311867256.616027832 -0.394022094 -0.110640680 -0.508099922 -0.012684979 -0.020385174 -0.065483441 0.997564762
1311867256.645225525 -0.385269147 -0.114080602 -0.519812709 -0.012079050 -0.021798022 -0.066294535 0.997488836
1311867256.683263302 -0.397711883 -0.089872745 -0.509227648 -0.005918491 -0.020220991 -0.063283061 0.997773189
1311867256.746329308 -0.395932556 -0.077682807 -0.515086428 -0.003931372 -0.023573882 -0.064357878 0.997640657
1311867256.782734871 -0.390780370 -0.064593655 -0.524264562 -0.001695046 -0.025006677 -0.062305164 0.997742381
1311867256.847721815 -0.397433731 -0.074949586 -0.531167710 -0.003386189 -0.024028109 -0.058237159 0.998007824
1311867256.883889914 -0.420601733 -0.086762205 -0.533481623 -0.003052075 -0.022257726 -0.058216510 0.998051159
1311867256.946530819 -0.394869965 -0.101739085 -0.550954836 -0.003439857 -0.026936365 -0.058892393 0.997894927
1311867256.981447220 -0.388598939 -0.084270793 -0.553997607 0.001160720 -0.028081824 -0.060614991 0.997765447
1311867257.012988329 -0.414141132 -0.100107002 -0.564006809 0.000383255 -0.022984084 -0.062476209 0.997781694
1311867257.045185089 -0.369217165 -0.123443757 -0.582752528 -0.002270059 -0.030558417 -0.062047332 0.997602706
1311867257.113385439 -0.411923986 -0.109273960 -0.586760490 -0.002548032 -0.021107800 -0.065339521 0.997636565
1311867257.147421360 -0.415277874 -0.097874331 -0.582768403 -0.001114907 -0.020804268 -0.065692505 0.997622391
1311867257.182068825 -0.373185556 -0.113051082 -0.607972644 -0.004873276 -0.028306328 -0.065679720 0.997427279
1311867257.245697021 -0.427064865 -0.090939875 -0.601894637 -0.001468253 -0.017329476 -0.067495928 0.997567959
1311867257.282411575 -0.418065599 -0.094787135 -0.603905543 -0.002034882 -0.018461855 -0.066909881 0.997586130
1311867257.313333511 -0.389827893 -0.090462069 -0.622152738 -0.002452201 -0.020636401 -0.065447473 0.997639591
1311867257.383950949 -0.393824364 -0.118541211 -0.638795355 -0.006292522 -0.015826031 -0.066841606 0.997618234
1311867257.416062355 -0.368760892 -0.110166120 -0.650412736 -0.004555570 -0.017471691 -0.066245007 0.997640008
1311867257.445851803 -0.396035983 -0.092283943 -0.629536788 -0.001790815 -0.010755217 -0.063968226 0.997892371
1311867257.516610861 -0.372163239 -0.100195824 -0.649067077 -0.002753537 -0.011091832 -0.063128932 0.997939942
1311867257.543702602 -0.375645981 -0.104413348 -0.661711131 -0.004866039 -0.007810471 -0.064193153 0.997895063
1311867257.583608627 -0.406678895 -0.097008740 -0.645578177 -0.003422231 -0.000520679 -0.063841594 0.997954041
1311867257.643748760 -0.418071940 -0.098919623 -0.664655339 -0.005517705 0.003245535 -0.061899856 0.998061836
1311867257.684241056 -0.416034174 -0.098925005 -0.667364536 -0.006898476 0.003489559 -0.062539279 0.998012561
1311867257.743746519 -0.391769277 -0.105433202 -0.684512305 -0.008468652 0.001714201 -0.062598697 0.998001376
1311867257.818099022 -0.377966556 -0.080266109 -0.688994399 -0.003716239 0.002860404 -0.059324684 0.998227724
1311867257.843575478 -0.395450672 -0.081930291 -0.705853426 -0.004471368 0.006042620 -0.059666477 0.998190065
1311867257.885457516 -0.383147553 -0.063852860 -0.690012711 -0.000694537 0.004299762 -0.058494986 0.998278201
1311867257.943765163 -0.372993919 -0.085350669 -0.703536128 -0.003577952 0.004788755 -0.057470775 0.998329292
1311867257.985062361 -0.364814187 -0.086609458 -0.706334980 -0.003424170 0.002634440 -0.057581619 0.998331454
1311867258.013560534 -0.359391178 -0.089518106 -0.709629687 -0.003470547 0.001811462 -0.057498536 0.998337915
1311867258.083651543 -0.364234041 -0.094987055 -0.717679125 -0.001774528 0.002665209 -0.057531025 0.998338584
1311867258.113782167 -0.371944981 -0.081891434 -0.715194707 0.002099902 0.003730355 -0.056997953 0.998365118
1311867258.143714190 -0.378655293 -0.090384732 -0.723932118 0.000820466 0.005009181 -0.057022109 0.998360012
1311867258.216267586 -0.381643551 -0.096164313 -0.736504409 0.000092965 0.006003323 -0.056431383 0.998388427
1311867258.243624210 -0.361901544 -0.106893772 -0.736953696 -0.001029035 0.002396450 -0.054913533 0.998487708
1311867258.285009623 -0.365268335 -0.088417974 -0.729324910 0.003031454 0.002984239 -0.056261740 0.998406992
1311867258.343642712 -0.367089689 -0.124675462 -0.742756615 -0.001703317 0.004542891 -0.058423685 0.998280088
1311867258.381205320 -0.389910847 -0.105720492 -0.739496168 0.001031624 0.007408868 -0.056951393 0.998348929
1311867258.414263010 -0.364430288 -0.089552735 -0.741512351 0.003675155 0.002933964 -0.057675221 0.998324323
1311867258.482545853 -0.382019852 -0.094955138 -0.744465049 0.000792446 0.003932478 -0.056581107 0.998389947
1311867258.513979673 -0.374291038 -0.128388196 -0.755768930 -0.004658585 0.002231744 -0.057127657 0.998353518
1311867258.543595076 -0.378297882 -0.121210420 -0.743773839 -0.002896947 0.002481514 -0.057552967 0.998335167
1311867258.614159584 -0.376732711 -0.123179052 -0.758207285 -0.001904343 0.000627575 -0.058349041 0.998294230
1311867258.643778086 -0.381149132 -0.099478957 -0.742488244 0.002074022 0.000082026 -0.055816599 0.998438881
1311867258.685220718 -0.373536211 -0.117083378 -0.756726483 0.000358771 -0.001278524 -0.057876911 0.998322843
1311867258.743664742 -0.387478081 -0.152561381 -0.776232005 -0.001389337 -0.000003995 -0.062987233 0.998013366
1311867258.784349442 -0.381833701 -0.121396951 -0.754411837 0.003751885 -0.001028972 -0.060857361 0.998138891
1311867258.811689615 -0.403378132 -0.151525373 -0.768415210 -0.001572700 0.002313781 -0.063443638 0.997981502
1311867258.884559870 -0.365960226 -0.163054443 -0.785867495 -0.002985424 -0.004708846 -0.065338023 0.997847612
1311867258.911750078 -0.362186640 -0.181331892 -0.794636350 -0.005999609 -0.004190808 -0.068030569 0.997656396
1311867258.944000006 -0.383402759 -0.170527890 -0.790294486 -0.003242963 -0.001027688 -0.069417232 0.997581914
1311867259.011906862 -0.382696477 -0.136042294 -0.788033664 0.001812402 -0.001814899 -0.070719712 0.997492929
1311867259.043969631 -0.389102239 -0.170978893 -0.801810762 -0.002622906 -0.000165148 -0.071905506 0.997407986
1311867259.084546804 -0.361549425 -0.159255322 -0.818893264 0.000904152 -0.003927093 -0.071025945 0.997466328
1311867259.143876553 -0.356265925 -0.132373153 -0.803254743 0.004280023 -0.004477411 -0.070281792 0.997507947
1311867259.183763742 -0.339756476 -0.137963714 -0.813538791 0.004260945 -0.006798136 -0.070065534 0.997510126
1311867259.211951017 -0.332022819 -0.162308159 -0.826504385 0.000672956 -0.008509935 -0.070386739 0.997483251
1311867259.281587124 -0.356694747 -0.168607251 -0.821249816 0.002824930 -0.004714993 -0.067559965 0.997700075
1311867259.343762159 -0.355760537 -0.171250481 -0.837660955 0.005197848 -0.005257292 -0.065627654 0.997816794
1311867259.383910894 -0.341867844 -0.168139448 -0.849679299 0.007887859 -0.008458183 -0.064824423 0.997829662
1311867259.411722422 -0.339771270 -0.172476134 -0.854040314 0.009959693 -0.008782930 -0.064329959 0.997840328
1311867259.481615067 -0.332799157 -0.160663289 -0.866605928 0.014286938 -0.007672977 -0.062955818 0.997884549
1311867259.511729717 -0.338212819 -0.168583528 -0.878300690 0.014861496 -0.006849451 -0.063195143 0.997867023
1311867259.582216024 -0.314177758 -0.175274189 -0.886136021 0.018307997 -0.010791578 -0.061417327 0.997885901
1311867259.611739159 -0.337965547 -0.174143711 -0.892318355 0.019724106 -0.005375525 -0.061593982 0.997891900
1311867259.682848930 -0.315794251 -0.173452820 -0.906650683 0.019580342 -0.010592227 -0.060767581 0.997903661
1311867259.711827040 -0.322301986 -0.163778166 -0.914003827 0.019235267 -0.008609107 -0.063207751 0.997777865
1311867259.752007008 -0.315139154 -0.191808857 -0.933018686 0.013963259 -0.008757620 -0.063684408 0.997833968
1311867259.811816692 -0.305917127 -0.188329548 -0.943181294 0.012483057 -0.010698918 -0.063413218 0.997851928
1311867259.850398540 -0.319384060 -0.176111921 -0.931828060 0.012081785 -0.007909776 -0.063864146 0.997854116
1311867259.912112951 -0.337745555 -0.170502327 -0.939938669 0.011653388 -0.004070954 -0.063516964 0.997904415
1311867259.952002764 -0.326680954 -0.160279540 -0.940080821 0.011313592 -0.005421631 -0.063244938 0.997919178
1311867259.979766846 -0.344634727 -0.169210513 -0.927523365 0.009963890 -0.002488354 -0.064874926 0.997840555
1311867260.049315691 -0.313923008 -0.180651161 -0.961027736 0.008703295 -0.005738958 -0.064430779 0.997867723
1311867260.079912663 -0.343699003 -0.170001465 -0.947508554 0.009035441 -0.000258147 -0.062728034 0.997989723
1311867260.151370525 -0.300831201 -0.182496280 -0.980558102 0.008011908 -0.004129748 -0.061767825 0.998049844
1311867260.211912632 -0.295516432 -0.180921924 -0.997138530 0.009146030 -0.002999959 -0.060179591 0.998141156
1311867260.249636889 -0.302395050 -0.183238172 -0.996118259 0.010322030 -0.001730151 -0.060185135 0.998132362
1311867260.279864550 -0.319124255 -0.179417583 -1.003022691 0.011499090 0.001150630 -0.059433319 0.998165381
1311867260.350508213 -0.291129428 -0.184544582 -1.024630544 0.009909491 0.000060746 -0.059284967 0.998191911
1311867260.380002022 -0.285129130 -0.179065625 -1.029022151 0.011134516 -0.000123260 -0.060156610 0.998126840
1311867260.412000179 -0.283991697 -0.161912453 -1.037027799 0.012120414 0.000220456 -0.059762595 0.998139008
1311867260.479771614 -0.275807036 -0.173491028 -1.054030490 0.007685095 0.000043203 -0.058623315 0.998250592
1311867260.512101650 -0.278134581 -0.164012691 -1.050182097 0.008423412 0.000612400 -0.057872522 0.998288256
1311867260.579905272 -0.290369167 -0.156951610 -1.049861199 0.006206122 0.004483317 -0.057965295 0.998289241
1311867260.612014055 -0.288877726 -0.169165684 -1.065058469 0.004185552 0.004028471 -0.058073288 0.998295420
1311867260.649334431 -0.282980644 -0.164100599 -1.065934091 0.004734217 0.003246099 -0.059077599 0.998236889
1311867260.679859877 -0.276309773 -0.189284558 -1.079933590 0.001691707 0.003514108 -0.059645329 0.998212014
1311867260.749329090 -0.268208599 -0.177646683 -1.095019892 0.005351808 0.002598282 -0.059748995 0.998195705
1311867260.780034542 -0.279641309 -0.177927331 -1.095679108 0.004396806 0.003007313 -0.059789717 0.998196781
1311867260.851416111 -0.261462778 -0.176505845 -1.107534249 0.007276332 -0.000522272 -0.060161894 0.998161975
1311867260.879809380 -0.274545476 -0.182506602 -1.104622389 0.008531349 0.001259411 -0.060533514 0.998128911
1311867260.912016630 -0.275136607 -0.181811370 -1.108753641 0.009727056 0.001544653 -0.060405493 0.998125330
1311867260.979949474 -0.263098663 -0.190770937 -1.125106524 0.010055018 -0.000093025 -0.059743849 0.998163093
1311867261.011875153 -0.269682731 -0.188882132 -1.124625893 0.012517342 0.000548989 -0.061093348 0.998053414
1311867261.051949501 -0.264848958 -0.187736153 -1.135124648 0.015311406 -0.001364314 -0.059341484 0.998119376
1311867261.111871004 -0.277174690 -0.207639937 -1.152423954 0.018382319 -0.000753040 -0.060568923 0.997994453
1311867261.153079271 -0.272302859 -0.198709312 -1.150075169 0.022844161 -0.001944710 -0.059505698 0.997964646
1311867261.211987495 -0.278405459 -0.204510971 -1.156133310 0.027147214 -0.003436358 -0.057846553 0.997950398
1311867261.247791052 -0.269815388 -0.201059310 -1.166184593 0.030199470 -0.004867110 -0.058064493 0.997844085
1311867261.280012131 -0.270026642 -0.200354123 -1.170627852 0.032101418 -0.003468902 -0.059274950 0.997719372
1311867261.347780943 -0.274354482 -0.198600418 -1.184807793 0.033907016 -0.001317748 -0.058307305 0.997721823
1311867261.379962683 -0.276709446 -0.193966035 -1.183352234 0.033944649 -0.000938296 -0.059213479 0.997667602
1311867261.448088408 -0.283617935 -0.194788957 -1.190581204 0.030830083 0.000823020 -0.061400541 0.997636608
1311867261.479857683 -0.275466976 -0.197646573 -1.199188333 0.030427466 -0.000734485 -0.061210593 0.997660710
1311867261.512250185 -0.278897961 -0.199811629 -1.201883612 0.029334260 -0.000164240 -0.062272266 0.997628006
1311867261.579902887 -0.278515843 -0.202431833 -1.206317439 0.027824090 0.001176501 -0.060821916 0.997760057
1311867261.612130642 -0.290301079 -0.202509859 -1.209103237 0.027714654 0.002811918 -0.060996842 0.997749155
1311867261.680300474 -0.289467201 -0.198320022 -1.214216945 0.028692821 0.003042821 -0.060728100 0.997737220
1311867261.712382793 -0.290926167 -0.194338967 -1.222243326 0.030250954 0.004534212 -0.061462224 0.997640574
1311867261.779918432 -0.293917206 -0.188105207 -1.231158515 0.031581884 0.004899498 -0.058945873 0.997749449
1311867261.848006487 -0.306053488 -0.189981740 -1.246531728 0.030018438 0.007204294 -0.058556513 0.997806658
1311867261.912163496 -0.279609280 -0.178001228 -1.262123262 0.028159672 0.003857699 -0.056967238 0.997971385
1311867261.947999716 -0.295056539 -0.184806046 -1.258709781 0.026403546 0.006100808 -0.058994449 0.997890419
1311867262.011962414 -0.288233983 -0.170799268 -1.273787797 0.025580850 0.005800552 -0.057154744 0.998020696
1311867262.047907352 -0.287601481 -0.165175574 -1.280315635 0.025711144 0.005245472 -0.057556714 0.997997318
1311867262.117954731 -0.277200364 -0.170926613 -1.309382948 0.024540589 0.004106760 -0.056647997 0.998084114
1311867262.180119276 -0.279567036 -0.172363174 -1.307036243 0.022713674 0.004326796 -0.056750532 0.998120606
1311867262.212167263 -0.281729171 -0.166086051 -1.308647633 0.024176363 0.004704333 -0.055749068 0.998140979
1311867262.247854948 -0.282484312 -0.162767903 -1.313067295 0.025462328 0.005516249 -0.055976580 0.998092112
1311867262.312206507 -0.279062715 -0.160599929 -1.333552755 0.026129199 0.007031859 -0.055591028 0.998086898
1311867262.347902536 -0.280440240 -0.158340939 -1.345032658 0.027117196 0.007119116 -0.055635027 0.998057473
1311867262.379903555 -0.278284231 -0.151902397 -1.358108411 0.028055474 0.007445617 -0.054399865 0.998097244
1311867262.448089361 -0.285939573 -0.149616415 -1.369239242 0.030018434 0.008579633 -0.055239338 0.997984919
1311867262.479871750 -0.277363583 -0.146589886 -1.383332604 0.030861885 0.008498772 -0.054953983 0.997975638
1311867262.512132645 -0.279169010 -0.149485592 -1.386269780 0.031498413 0.010465911 -0.054803253 0.997945348
1311867262.547911882 -0.282966653 -0.144341528 -1.391908678 0.033368059 0.012253731 -0.055293800 0.997837168
1311867262.612223625 -0.287968651 -0.136245193 -1.408204583 0.034417973 0.012178818 -0.054537335 0.997844055
1311867262.647861719 -0.280068211 -0.135104290 -1.423350414 0.033871424 0.011950568 -0.053457032 0.997923973
1311867262.680238485 -0.293972981 -0.133472711 -1.415559661 0.033835605 0.012984558 -0.051956088 0.997991542
1311867262.748013020 -0.290637313 -0.134473252 -1.435552425 0.033152621 0.010754338 -0.050587858 0.998111275
1311867262.780046701 -0.292718767 -0.131178182 -1.449037618 0.034218588 0.011524836 -0.049529987 0.998119756
1311867262.812117815 -0.289758355 -0.134289348 -1.443436636 0.035159596 0.012585990 -0.049182802 0.998091402
1311867262.847971916 -0.283904732 -0.133171015 -1.436203679 0.036416773 0.013894338 -0.048858748 0.998044883
1311867262.912007570 -0.280151381 -0.127181017 -1.461459296 0.038264016 0.015045240 -0.047297493 0.998034295
1311867262.947978973 -0.279997401 -0.130447516 -1.476558243 0.039132740 0.016750991 -0.047529333 0.997962422
1311867263.012290955 -0.285084629 -0.136460909 -1.472089512 0.041515304 0.018359213 -0.048639841 0.997784338
1311867263.047999382 -0.283500344 -0.137389168 -1.484681644 0.043845140 0.018206300 -0.049391210 0.997650561
1311867263.079929590 -0.283596408 -0.132460943 -1.480055739 0.046226000 0.017834159 -0.050072207 0.997515851
1311867263.111967802 -0.285665586 -0.134728642 -1.484305527 0.048395774 0.017352996 -0.050789930 0.997385134
1311867263.148042679 -0.279442991 -0.131436346 -1.496927684 0.050032521 0.016507462 -0.052005525 0.997256073
1311867263.212087631 -0.287486400 -0.129283466 -1.493814346 0.052466099 0.014547379 -0.053126873 0.997102411
1311867263.248034239 -0.282766565 -0.123109803 -1.499169783 0.052933119 0.012963342 -0.053908104 0.997057648
1311867263.280002117 -0.282510686 -0.126343396 -1.511846198 0.052807943 0.012546737 -0.055000209 0.997009969
1311867263.312094212 -0.282584660 -0.125595674 -1.514968290 0.053250265 0.011583376 -0.056898447 0.996891570
1311867263.380039215 -0.289599192 -0.124705377 -1.517965793 0.053486943 0.010826382 -0.059560526 0.996731900
1311867263.412374973 -0.286131255 -0.124327675 -1.530306476 0.054831010 0.009835829 -0.061581175 0.996546324
1311867263.448153496 -0.284053044 -0.120001565 -1.537100200 0.055343528 0.009703110 -0.063260092 0.996414123
1311867263.480017900 -0.277148050 -0.122860675 -1.543364128 0.055498520 0.009156257 -0.063102529 0.996420668
1311867263.547977448 -0.281156257 -0.123224097 -1.555196259 0.056535345 0.008739864 -0.064537441 0.996274203
1311867263.580059052 -0.279613444 -0.124140733 -1.555484732 0.056627329 0.009513576 -0.065046029 0.996228815
1311867263.612204552 -0.281911592 -0.124021396 -1.562663419 0.056866087 0.009613299 -0.064720293 0.996235472
1311867263.679956198 -0.273635219 -0.125654487 -1.568262238 0.056530347 0.009405427 -0.065192859 0.996225752
1311867263.712221146 -0.271318854 -0.121992691 -1.572533717 0.057271908 0.009016049 -0.064307363 0.996244549
1311867263.748099804 -0.271308635 -0.118502327 -1.580066937 0.057256190 0.008700985 -0.064375484 0.996243855
1311867263.812317848 -0.264702881 -0.119376311 -1.587110848 0.056807153 0.006184113 -0.063651203 0.996334898
1311867263.848118782 -0.268678434 -0.118374333 -1.600994812 0.056604438 0.006594417 -0.064664604 0.996278546
1311867263.880150318 -0.263091615 -0.119107053 -1.608201767 0.056771021 0.006522405 -0.064736314 0.996264884
1311867263.948205709 -0.247662831 -0.110790904 -1.621938440 0.058222679 0.005731129 -0.065264423 0.996151509
1311867264.012230635 -0.258426007 -0.112054902 -1.621602863 0.057303569 0.007573786 -0.067133350 0.996068297
1311867264.048127174 -0.248902764 -0.111767534 -1.633074480 0.056969030 0.006952043 -0.067381422 0.996075270
1311867264.080209970 -0.239931932 -0.104851260 -1.641177220 0.055972170 0.006425087 -0.067264120 0.996143249
1311867264.147983074 -0.257133630 -0.105631072 -1.624721533 0.055448961 0.008313696 -0.069056535 0.996035888
1311867264.212109089 -0.244676487 -0.107204455 -1.650953031 0.053235010 0.006527146 -0.068346265 0.996218961
1311867264.248023987 -0.247165606 -0.107983470 -1.650562796 0.053678853 0.006309785 -0.069021014 0.996150022
1311867264.312006474 -0.243139044 -0.105697869 -1.660861752 0.054507382 0.004310637 -0.069202638 0.996103086
1311867264.348191738 -0.241353546 -0.103324805 -1.671189314 0.056018264 0.003413991 -0.069149305 0.996026442
1311867264.412213802 -0.248613711 -0.099270293 -1.665445310 0.057592023 0.000796836 -0.070358714 0.995857507
1311867264.448003769 -0.241870360 -0.097005453 -1.679358665 0.058949931 -0.001669317 -0.070862278 0.995741260
1311867264.512226582 -0.237484874 -0.097751313 -1.692815597 0.059330490 -0.005326103 -0.071958597 0.995627182
1311867264.548154593 -0.247169833 -0.091713218 -1.669200690 0.060759508 -0.006397416 -0.072751769 0.995477039
1311867264.580092430 -0.239402271 -0.097085887 -1.694367447 0.060589837 -0.008270616 -0.073313853 0.995432342
1311867264.648092270 -0.247479056 -0.097078845 -1.688687001 0.062115227 -0.010239637 -0.075320606 0.995170164
1311867264.680198908 -0.239052237 -0.095005138 -1.686982258 0.062734117 -0.012288565 -0.075514492 0.995093455
1311867264.712453842 -0.234770150 -0.093951624 -1.718225416 0.062816554 -0.013220363 -0.075889706 0.995047765
1311867264.780125141 -0.241995632 -0.094078465 -1.705649397 0.064266187 -0.014672266 -0.077747837 0.994791363
1311867264.812115431 -0.238218057 -0.090833241 -1.696092689 0.064036764 -0.015945819 -0.078466516 0.994730129
1311867264.848188639 -0.232280021 -0.097133160 -1.716109329 0.062635425 -0.015642516 -0.078662288 0.994808705
1311867264.912230492 -0.237998999 -0.089587734 -1.721138049 0.062981991 -0.015674973 -0.077994620 0.994838883
1311867264.948186398 -0.233699787 -0.092010133 -1.712723877 0.062764204 -0.015807890 -0.077742962 0.994870241
1311867265.012191772 -0.238657073 -0.085945831 -1.715200474 0.063731905 -0.014702925 -0.077126725 0.994873628
1311867265.048128366 -0.235702146 -0.095377966 -1.712904357 0.063224712 -0.014265530 -0.076874871 0.994931849
1311867265.080210209 -0.230792998 -0.096542035 -1.728708532 0.063225151 -0.014181545 -0.075990141 0.995000986
1311867265.148103952 -0.231233000 -0.089861040 -1.714599677 0.065046930 -0.013351287 -0.075020222 0.994968646
1311867265.180302858 -0.231617921 -0.093332815 -1.715422483 0.065461104 -0.012785571 -0.073790324 0.995040884
1311867265.212299824 -0.229142005 -0.093990446 -1.719992226 0.065999623 -0.011904944 -0.073149288 0.995063568
1311867265.280318499 -0.229356728 -0.092112311 -1.735400567 0.068655404 -0.009765980 -0.072496254 0.994954951
1311867265.312309504 -0.228774180 -0.090265131 -1.739540183 0.069788099 -0.008810431 -0.072606757 0.994877006
1311867265.348199844 -0.233468511 -0.097339682 -1.747956832 0.071113166 -0.006940745 -0.072743056 0.994788013
1311867265.380132914 -0.236888768 -0.092659230 -1.750192964 0.072595824 -0.006262717 -0.072207217 0.994724456
1311867265.448179722 -0.241078194 -0.094310514 -1.746212247 0.074340993 -0.005954244 -0.071319118 0.994661524
1311867265.480231285 -0.232850272 -0.089401151 -1.755760612 0.075563155 -0.006837747 -0.069876848 0.994666115
1311867265.548378229 -0.228402234 -0.090093800 -1.776120576 0.075576455 -0.006562668 -0.068043566 0.994794051
1311867265.612065315 -0.225072487 -0.091747789 -1.784220154 0.077237675 -0.006107441 -0.066673017 0.994762157
1311867265.648285151 -0.223808125 -0.091062433 -1.791209124 0.078336694 -0.006090131 -0.065675412 0.994742687
1311867265.712166309 -0.217663957 -0.093331607 -1.801845248 0.078514963 -0.005477255 -0.064245421 0.994825576
1311867265.748224735 -0.231435409 -0.087219352 -1.797226029 0.079046504 -0.004267233 -0.064053858 0.994801761
1311867265.780694485 -0.227007195 -0.080000427 -1.796413552 0.078487241 -0.004550942 -0.062516576 0.994942571
1311867265.812277794 -0.227264693 -0.080942531 -1.809369059 0.077228118 -0.004063191 -0.061452937 0.995109464
1311867265.880193472 -0.229435835 -0.076640618 -1.795516278 0.076074272 -0.003816092 -0.060244246 0.995273216
1311867265.912326097 -0.228755348 -0.079392593 -1.799224720 0.075457015 -0.003657205 -0.059907736 0.995341111
1311867265.948259115 -0.233810639 -0.083394943 -1.796805410 0.075635897 -0.002680818 -0.059892553 0.995331556
1311867265.980599642 -0.229882939 -0.078210478 -1.791080721 0.076637686 -0.003172025 -0.059698672 0.995265126
1311867266.048361540 -0.231288548 -0.080326935 -1.805849207 0.076682058 -0.003456173 -0.058919736 0.995307180
1311867266.080450535 -0.229164102 -0.081036166 -1.810992189 0.076948595 -0.004221081 -0.058461222 0.995310696
1311867266.112239122 -0.232807992 -0.082179244 -1.814225630 0.077587073 -0.004636106 -0.058482137 0.995258053
1311867266.180282116 -0.225029136 -0.080094884 -1.817945113 0.078950929 -0.005095480 -0.057933179 0.995180654
1311867266.212180853 -0.243543762 -0.081340735 -1.820791066 0.079115942 -0.003834000 -0.059107113 0.995104174
1311867266.248205662 -0.238883472 -0.076471758 -1.822113001 0.079982606 -0.004893130 -0.058505787 0.995065783
1311867266.280226707 -0.237579961 -0.075689294 -1.820460107 0.080944324 -0.004966134 -0.058357624 0.994996353
1311867266.348175049 -0.240638836 -0.078143454 -1.823801577 0.082864404 -0.005342361 -0.058935646 0.994802261
1311867266.380378962 -0.241114448 -0.075764736 -1.831057345 0.083934003 -0.005684560 -0.059152066 0.994697845
1311867266.412322760 -0.237005220 -0.078025561 -1.832884648 0.085171871 -0.006565595 -0.058907025 0.994601733
1311867266.480472088 -0.221573443 -0.080056354 -1.850064155 0.087261378 -0.009526205 -0.059087875 0.994385904
1311867266.512522697 -0.236706893 -0.080233690 -1.843904357 0.089210078 -0.008359588 -0.059476441 0.994200298
1311867266.580374718 -0.232909855 -0.077583222 -1.863802780 0.092374517 -0.009568853 -0.059973064 0.993870523
1311867266.612250090 -0.243439337 -0.082090386 -1.863304605 0.093342601 -0.008471558 -0.060717749 0.993744810
1311867266.648261309 -0.242042934 -0.077705333 -1.855783513 0.095218576 -0.008663752 -0.060739486 0.993563826
1311867266.712144613 -0.249071480 -0.078734510 -1.855767050 0.095197749 -0.007214363 -0.061467548 0.993532628
1311867266.748428583 -0.244152804 -0.075520775 -1.840112909 0.096706682 -0.007368601 -0.062145895 0.993343550
1311867266.812281609 -0.234647748 -0.080523987 -1.860022831 0.096445445 -0.007433771 -0.061433517 0.993412773
1311867266.848159552 -0.251071140 -0.078727103 -1.845121548 0.097005295 -0.005809717 -0.062415794 0.993307852
1311867266.912178993 -0.244917456 -0.077191501 -1.855979788 0.095178088 -0.005138341 -0.062432411 0.993487254
1311867267.012370586 -0.246452916 -0.071951290 -1.839018130 0.088910874 -0.004369538 -0.063374603 0.994011782
1311867267.048342466 -0.243673236 -0.074780934 -1.824335055 0.086175974 -0.004027981 -0.063557395 0.994242392
1311867267.112350702 -0.245370463 -0.078191565 -1.840860161 0.083544479 -0.004315376 -0.063421369 0.994474448
1311867267.148263693 -0.246257705 -0.082853089 -1.830742576 0.082018904 -0.004859587 -0.063827659 0.994572930
1311867267.212336779 -0.251168002 -0.086787796 -1.836380003 0.081564186 -0.004738327 -0.065146935 0.994525369
1311867267.248212576 -0.245910065 -0.077365105 -1.833921855 0.080898580 -0.004747487 -0.064963955 0.994591658
1311867267.312219381 -0.245895820 -0.083418552 -1.833671724 0.079254660 -0.003203142 -0.066024702 0.994660333
1311867267.348391056 -0.251094658 -0.082230145 -1.838025498 0.079066917 -0.002907354 -0.065939671 0.994681823
1311867267.380442381 -0.252166613 -0.084092682 -1.831756447 0.077573946 -0.002371781 -0.066172251 0.994785349
1311867267.448184013 -0.241699095 -0.085722760 -1.838413940 0.076522166 -0.001173147 -0.065816164 0.994892564
1311867267.480293036 -0.252580011 -0.088721150 -1.816506571 0.076207594 0.000283322 -0.066036272 0.994902776
1311867267.512327671 -0.246165911 -0.086336768 -1.819801885 0.075696009 0.000027319 -0.065382330 0.994985057
1311867267.580291271 -0.250573639 -0.087386655 -1.832537034 0.073566793 0.003001570 -0.065346293 0.995142593
1311867267.612360954 -0.246845286 -0.082026664 -1.797158735 0.073233485 0.003169029 -0.064732415 0.995206777
1311867267.648437500 -0.248238617 -0.090123119 -1.799259754 0.070994013 0.003246197 -0.064912252 0.995357078
1311867267.712540388 -0.255004028 -0.085660468 -1.801866023 0.071040833 0.004216268 -0.064545551 0.995373947
1311867267.748384714 -0.249880065 -0.090465619 -1.803603944 0.069885349 0.003630922 -0.064146312 0.995483855
1311867267.780390501 -0.246868666 -0.093992478 -1.804362484 0.070496306 0.003485540 -0.064449479 0.995421713
1311867267.848367691 -0.251406612 -0.088192590 -1.789456813 0.070107828 0.003350815 -0.064376287 0.995454348
1311867267.883594036 -0.248723091 -0.094656629 -1.797662903 0.068581632 0.003172811 -0.064368840 0.995561724
1311867267.912735701 -0.256584228 -0.094700030 -1.791089133 0.069378601 0.003291464 -0.064533908 0.995495430
1311867267.948451042 -0.249724346 -0.088648017 -1.791708398 0.069851579 0.002197823 -0.063807154 0.995512217
1311867268.012300253 -0.255727264 -0.098345777 -1.780302981 0.068683795 0.002581122 -0.064437954 0.995551919
1311867268.048404694 -0.255081226 -0.094196506 -1.777675260 0.069430946 0.002452845 -0.064044339 0.995525816
1311867268.080312729 -0.255241609 -0.100023253 -1.775490450 0.068217945 0.002244121 -0.064155320 0.995603019
1311867268.112446308 -0.253832947 -0.097702371 -1.769711555 0.068445205 0.002769100 -0.064046504 0.995593105
1311867268.180508614 -0.252904576 -0.098779571 -1.774489124 0.067570199 0.004182644 -0.063999324 0.995650973
1311867268.212453365 -0.255488670 -0.097314198 -1.761682626 0.066469880 0.004966408 -0.063962920 0.995723774
1311867268.280499935 -0.266188056 -0.100665567 -1.747641460 0.065359009 0.006598657 -0.064290662 0.995766724
1311867268.312509775 -0.265423331 -0.103731431 -1.738124566 0.064597478 0.006732874 -0.064253523 0.995817915
1311867268.348270416 -0.256728095 -0.105101178 -1.739986302 0.065075765 0.005872618 -0.064382120 0.995783912
1311867268.380492687 -0.253199932 -0.102626382 -1.740994231 0.065087707 0.005745004 -0.063613560 0.995833269
1311867268.448606253 -0.265146571 -0.106876400 -1.722806309 0.063737069 0.006637066 -0.063721600 0.995908175
1311867268.480858088 -0.271198053 -0.109174797 -1.712307672 0.062822431 0.006837919 -0.064425480 0.995919647
1311867268.512523413 -0.262407915 -0.113535696 -1.722284584 0.061846881 0.006723446 -0.064320182 0.995988289
1311867268.580493927 -0.269479186 -0.110768385 -1.697197123 0.061612236 0.007923798 -0.065271268 0.995932130
1311867268.648345947 -0.276304096 -0.116095192 -1.699597518 0.060584245 0.008856251 -0.065355360 0.995981824
1311867268.680446386 -0.277760056 -0.116248974 -1.686826220 0.060322001 0.008788798 -0.065262823 0.996004406
1311867268.748466492 -0.275001513 -0.118937380 -1.686391694 0.060246426 0.009178907 -0.065294455 0.996003389
1311867268.780580759 -0.282124912 -0.117461537 -1.682016672 0.060265300 0.010409162 -0.065732310 0.995961348
1311867268.848629475 -0.284628238 -0.116773527 -1.673450345 0.059915463 0.010810262 -0.065768140 0.995975817
1311867268.880641937 -0.280369487 -0.118906498 -1.673908898 0.059559451 0.010310686 -0.065357346 0.996029507
1311867268.948366404 -0.292592236 -0.118272081 -1.642462762 0.057415552 0.012224758 -0.065781640 0.996105810
1311867268.980528593 -0.288250414 -0.114904199 -1.640519967 0.056906257 0.011869015 -0.065267081 0.996173184
1311867269.048324585 -0.291436566 -0.121012550 -1.623049924 0.055336241 0.012356402 -0.064848125 0.996283062
1311867269.082134724 -0.293208210 -0.127310496 -1.635022116 0.054425615 0.012306404 -0.064382475 0.996364041
1311867269.116536379 -0.293580492 -0.125680236 -1.626989774 0.054869087 0.012361877 -0.063812420 0.996375703
1311867269.148626328 -0.304584450 -0.124318072 -1.623648572 0.054372604 0.013455978 -0.064077524 0.996371732
1311867269.180462599 -0.298545487 -0.126906184 -1.611435755 0.053595824 0.013182798 -0.063944584 0.996426009
1311867269.248317719 -0.304553822 -0.125716664 -1.597207304 0.052253545 0.014226044 -0.064029207 0.996477520
1311867269.280464411 -0.310172757 -0.130144267 -1.589343829 0.051437444 0.014673248 -0.063910604 0.996521109
1311867269.316373348 -0.303389256 -0.125934299 -1.591919696 0.050794280 0.014168905 -0.063935316 0.996559812
1311867269.348345041 -0.305976304 -0.127147975 -1.598162845 0.049285350 0.014951492 -0.063980293 0.996621257
1311867269.416552305 -0.307733091 -0.124634740 -1.585738455 0.046673756 0.014372925 -0.062911073 0.996823543
1311867269.448313951 -0.310304694 -0.125263803 -1.574701709 0.044635855 0.014899235 -0.063048877 0.996900443
1311867269.480591059 -0.314958917 -0.121926960 -1.568842201 0.043317316 0.015400355 -0.061841963 0.997026585
1311867269.516521454 -0.313608660 -0.120770073 -1.561563699 0.041017271 0.015522929 -0.061775393 0.997126082
1311867269.580493450 -0.320530476 -0.120523624 -1.547443643 0.036624224 0.016622738 -0.061768118 0.997279826
1311867269.616429090 -0.319924622 -0.124078777 -1.534946798 0.035173522 0.017353241 -0.061418954 0.997341166
1311867269.648448467 -0.331123041 -0.125550436 -1.523032149 0.034519231 0.018291233 -0.062419103 0.997285169
1311867269.716487646 -0.327130296 -0.120524640 -1.517782564 0.030919156 0.017603661 -0.062412434 0.997416064
1311867269.748332500 -0.328301122 -0.123656831 -1.525974142 0.030066407 0.017345290 -0.062825678 0.997420717
1311867269.780365705 -0.329473290 -0.122037927 -1.519997924 0.029639215 0.016558386 -0.062492544 0.997467803
1311867269.848489046 -0.322184779 -0.118978259 -1.514567914 0.028153754 0.016006255 -0.062379598 0.997526918
1311867269.880364895 -0.338206692 -0.127467873 -1.502323260 0.026845876 0.017865837 -0.064588017 0.997390846
1311867269.916501760 -0.336858614 -0.129198974 -1.500862775 0.026150073 0.018097846 -0.064307986 0.997423242
1311867269.980791330 -0.336679934 -0.131424707 -1.488800448 0.025067516 0.019130788 -0.065169555 0.997375838
1311867270.048448563 -0.333666060 -0.134600158 -1.492795512 0.024358871 0.020265021 -0.064793789 0.997395478
1311867270.080608845 -0.336985096 -0.136118767 -1.490976455 0.023885530 0.021475614 -0.065092874 0.997362119
1311867270.116644621 -0.333953739 -0.137038757 -1.489959808 0.022828641 0.022369334 -0.065453113 0.997343650
1311867270.180528164 -0.333737097 -0.132423402 -1.473301124 0.021129682 0.023785713 -0.064787027 0.997391807
1311867270.216437340 -0.333445914 -0.134522094 -1.465401960 0.019871043 0.024050089 -0.064686051 0.997417891
1311867270.248392820 -0.328129033 -0.134744624 -1.472171481 0.018647925 0.023535228 -0.064284206 0.997479769
1311867270.280555248 -0.340267049 -0.138433868 -1.452806227 0.017967039 0.024851273 -0.064926682 0.997418731
1311867270.348361015 -0.329463811 -0.142501816 -1.463031035 0.015954696 0.024225253 -0.064601223 0.997489482
1311867270.380591154 -0.331352716 -0.141056063 -1.444258877 0.016703077 0.025248986 -0.065047545 0.997422836
1311867270.416410685 -0.329349208 -0.137175170 -1.444371056 0.016691001 0.024480867 -0.064801727 0.997458187
1311867270.448369741 -0.341004356 -0.142319215 -1.431067028 0.014415926 0.025357059 -0.065003448 0.997458647
1311867270.516588211 -0.337455686 -0.145482170 -1.415451790 0.013643678 0.025388980 -0.065714608 0.997422097
1311867270.548434973 -0.331593756 -0.142898025 -1.410381768 0.012978487 0.024227447 -0.064671138 0.997528062
1311867270.580811262 -0.342320641 -0.151037139 -1.396819495 0.012294647 0.025013553 -0.065439190 0.997467231
1311867270.648558140 -0.336134735 -0.159820220 -1.407403411 0.011486241 0.024236923 -0.065453976 0.997495070
1311867270.680625439 -0.335044471 -0.158610660 -1.394461454 0.011415585 0.024986660 -0.065546908 0.997471280
1311867270.716482401 -0.334753433 -0.162257967 -1.391620631 0.011034409 0.024921492 -0.065438127 0.997484342
1311867270.780573130 -0.335840545 -0.163251529 -1.383540947 0.009653664 0.025380409 -0.065760998 0.997465855
1311867270.816524029 -0.336009237 -0.164446766 -1.381746505 0.009569870 0.025830757 -0.066112390 0.997431873
1311867270.848467112 -0.332936060 -0.159627140 -1.378058230 0.008953218 0.025310458 -0.066284823 0.997439493
1311867270.916494131 -0.331542997 -0.169410588 -1.374180495 0.007481209 0.025692487 -0.067298446 0.997373975
1311867270.948425055 -0.329184386 -0.150426229 -1.356922360 0.008585843 0.025655416 -0.065613285 0.997478310
1311867271.016614676 -0.320864953 -0.152874039 -1.349681130 0.006328466 0.023889070 -0.064169976 0.997632937
1311867271.048583269 -0.324301897 -0.158857646 -1.349958599 0.004982067 0.023636135 -0.064961744 0.997595351
1311867271.080590487 -0.327592408 -0.179613299 -1.343067391 0.002336594 0.024515324 -0.065745756 0.997532473
1311867271.152896881 -0.307473355 -0.173660084 -1.353513457 0.004854163 0.023431518 -0.065300180 0.997578712
1311867271.180582047 -0.324999605 -0.177059281 -1.334563939 0.003603873 0.025836864 -0.065843723 0.997488883
1311867271.248477459 -0.311586343 -0.177312638 -1.337943867 0.005326400 0.025243775 -0.064974133 0.997553379
1311867271.280628681 -0.311257507 -0.181912887 -1.325891845 0.004028706 0.025621946 -0.064521546 0.997579198
1311867271.316655159 -0.310583364 -0.185906926 -1.330919183 0.003788695 0.024974001 -0.064470449 0.997599873
1311867271.380667448 -0.298404561 -0.203399013 -1.330903204 0.002630434 0.021711694 -0.064022210 0.997708795
1311867271.416662931 -0.318709384 -0.197491498 -1.302984578 0.004177362 0.023324378 -0.063844438 0.997678511
1311867271.448701143 -0.314519698 -0.198332552 -1.300152231 0.005007382 0.021590552 -0.063529492 0.997733821
1311867271.516530991 -0.315125777 -0.203274287 -1.286480190 0.006468778 0.020139409 -0.062927831 0.997793890
1311867271.548770666 -0.309781888 -0.204778930 -1.283192460 0.007363441 0.019542519 -0.062619688 0.997818944
1311867271.616650343 -0.309762515 -0.205154669 -1.268376439 0.008469979 0.018063600 -0.061236613 0.997923866
1311867271.648668766 -0.308084403 -0.211521313 -1.273364591 0.007646312 0.017133987 -0.061363522 0.997939116
1311867271.680717707 -0.311524240 -0.213376969 -1.244554365 0.006677562 0.018026318 -0.063046051 0.997825464
1311867271.716587543 -0.306324832 -0.198507206 -1.238124100 0.007496186 0.017335853 -0.061958838 0.997899984
1311867271.780613184 -0.307624532 -0.206410444 -1.225151722 0.006546685 0.015164609 -0.062957291 0.997879529
1311867271.816502571 -0.320428564 -0.222342366 -1.216351813 0.003446609 0.015143385 -0.064644269 0.997787511
1311867271.848510504 -0.326497857 -0.231707842 -1.206649468 0.002318021 0.014361676 -0.065092472 0.997773190
1311867271.916677475 -0.313446231 -0.225714036 -1.197478922 0.004528634 0.010929455 -0.065002393 0.997814977
1311867271.948723555 -0.317992937 -0.227786026 -1.185754866 0.003551552 0.012037540 -0.065228933 0.997791396
1311867272.016677618 -0.312931987 -0.224919211 -1.171192707 0.001884002 0.010033441 -0.064226778 0.997883110
1311867272.048485994 -0.314587618 -0.230495903 -1.150339226 -0.000288898 0.009666889 -0.064596071 0.997864628
1311867272.080586672 -0.315676428 -0.239515739 -1.131990463 -0.001488342 0.010530870 -0.064823121 0.997840092
1311867272.116569757 -0.304208761 -0.226466950 -1.140478302 0.000377656 0.009736189 -0.066417219 0.997744365
1311867272.180819988 -0.309942353 -0.250022612 -1.129447266 -0.003119461 0.011214423 -0.065353061 0.997794309
1311867272.216614485 -0.303820737 -0.247816966 -1.118380545 -0.001298052 0.010770784 -0.066172288 0.997749234
1311867272.248839617 -0.309780832 -0.251716199 -1.110573357 -0.001694854 0.012184810 -0.066458779 0.997713330
1311867272.280674458 -0.301280162 -0.248777054 -1.105022929 -0.001128468 0.011070707 -0.065909701 0.997763538
1311867272.348617077 -0.306265243 -0.253983136 -1.090228802 -0.001498233 0.011574549 -0.068446371 0.997586527
1311867272.380603790 -0.308850777 -0.261067857 -1.085547201 -0.002391343 0.011225015 -0.066743414 0.997704163
1311867272.416574955 -0.323171659 -0.272070310 -1.076001874 -0.004421271 0.011985645 -0.069632954 0.997490876
1311867272.448579311 -0.315588517 -0.272681898 -1.070768858 -0.004225298 0.009704371 -0.070145318 0.997480630
1311867272.481086969 -0.313560193 -0.264128545 -1.065014016 -0.002686548 0.009213944 -0.070584850 0.997459606
1311867272.548588276 -0.319436528 -0.273826858 -1.051336457 -0.004604038 0.008443045 -0.073003019 0.997285354
1311867272.580581903 -0.313167689 -0.279415054 -1.053018964 -0.005719140 0.007122668 -0.071941226 0.997367043
1311867272.648589134 -0.299448953 -0.265407932 -1.049752068 -0.003321320 0.004812746 -0.071844008 0.997398739
1311867272.680691719 -0.298837737 -0.265580726 -1.034585409 -0.004715592 0.004467676 -0.072480696 0.997348661
1311867272.748655081 -0.300786321 -0.289309999 -1.030741750 -0.007273175 0.003592731 -0.075178370 0.997137105
1311867272.780656099 -0.301775881 -0.281947285 -1.022362409 -0.005603130 0.004177090 -0.075601819 0.997113595
1311867272.848505020 -0.307611911 -0.287419736 -1.010433970 -0.006424799 0.004637649 -0.075755814 0.997094916
1311867272.880536556 -0.299439013 -0.280003918 -1.015479289 -0.004952979 0.002994040 -0.074766040 0.997184307
1311867272.916603088 -0.290815742 -0.274612744 -1.009717165 -0.004328267 0.002242383 -0.075080765 0.997165541
1311867272.980675697 -0.292649526 -0.284117874 -0.995158178 -0.004292797 0.002545915 -0.075724375 0.997116297
1311867273.016607761 -0.290884254 -0.260061309 -0.988907772 -0.000089250 0.001785606 -0.073753659 0.997274888
1311867273.048578024 -0.291817276 -0.284673495 -0.977654236 -0.002821820 0.001112556 -0.073197858 0.997312826
1311867273.116731167 -0.268633758 -0.274414837 -0.991884689 -0.000924560 -0.001039310 -0.071612443 0.997431563
1311867273.148640871 -0.291384259 -0.265563847 -0.993131297 0.000448134 0.001460756 -0.075804161 0.997121555
1311867273.180697203 -0.303591696 -0.261713671 -0.993040112 -0.000029527 0.001763857 -0.077474734 0.996992755
1311867273.248543978 -0.280298277 -0.299476973 -0.988211757 -0.005538843 -0.003433613 -0.077164768 0.996997056
1311867273.280714273 -0.273603011 -0.280457595 -0.983759727 -0.001747386 -0.005585623 -0.075094444 0.997159251
1311867273.348732233 -0.264888170 -0.289548071 -0.979270372 -0.004500056 -0.007157854 -0.075037903 0.997144838
1311867273.416830063 -0.263516579 -0.279765213 -0.974108399 -0.003525461 -0.006197702 -0.074698594 0.997180666
1311867273.448644638 -0.267312008 -0.288299066 -0.964249155 -0.006565115 -0.004448304 -0.076789272 0.997015807
1311867273.516690493 -0.262977343 -0.293559674 -0.957680868 -0.010096536 -0.002069050 -0.077000496 0.996977784
1311867273.548807383 -0.272479696 -0.297832470 -0.945139624 -0.013188056 0.001476313 -0.075631364 0.997047538
1311867273.616741896 -0.276646773 -0.294165738 -0.930311731 -0.013542608 0.006844640 -0.074942107 0.997072429
1311867273.648674011 -0.280233652 -0.290855678 -0.926253780 -0.012875180 0.009212824 -0.075189478 0.997043578
1311867273.716707468 -0.240800254 -0.293550843 -0.913865719 -0.013824131 0.005875113 -0.067450376 0.997609554
1311867273.748710871 -0.228011026 -0.302707050 -0.909675797 -0.018313664 0.005128380 -0.066986728 0.997572598
1311867273.816638947 -0.233418986 -0.304780558 -0.900179034 -0.021760204 0.009445210 -0.067470554 0.997439224
1311867273.849123001 -0.236010899 -0.296895636 -0.887993246 -0.021041306 0.011273619 -0.067340369 0.997444456
1311867273.880736589 -0.232957787 -0.318119373 -0.887311820 -0.024762041 0.011661718 -0.067799398 0.997323462
1311867273.949213028 -0.228885196 -0.302612216 -0.872683403 -0.022746299 0.012104706 -0.068554321 0.997314588
1311867273.980666399 -0.227341492 -0.318400729 -0.873624776 -0.026205050 0.011450714 -0.070658276 0.997090560
1311867274.048756123 -0.229288075 -0.333289223 -0.869029181 -0.029961263 0.009182540 -0.073593089 0.996795897
1311867274.116619110 -0.238158939 -0.301195092 -0.845272745 -0.026114380 0.007538665 -0.073848232 0.996899015
1311867274.149224043 -0.246242150 -0.316221462 -0.834298331 -0.029642311 0.007412199 -0.074879754 0.996724343
1311867274.216953278 -0.254827979 -0.308027008 -0.812900074 -0.027445270 0.006969463 -0.078341686 0.996524342
1311867274.248964548 -0.265562773 -0.303829699 -0.802960945 -0.025980605 0.007979700 -0.078754260 0.996523507
1311867274.280783892 -0.286179388 -0.296484332 -0.786272780 -0.025128706 0.010731769 -0.078642073 0.996528375
1311867274.317120552 -0.259764090 -0.322665038 -0.790661464 -0.028327985 0.005931600 -0.078435330 0.996498992
1311867274.380862474 -0.266979924 -0.322116179 -0.770103563 -0.026532517 0.006376511 -0.077394751 0.996627021
1311867274.416836977 -0.266131297 -0.328793100 -0.762369272 -0.026086363 0.005747039 -0.077877513 0.996605020
1311867274.480661154 -0.277120506 -0.325578111 -0.746511981 -0.023025982 0.007454453 -0.075944731 0.996818255
1311867274.516797781 -0.277306462 -0.326071296 -0.740853818 -0.021750166 0.007608688 -0.077108834 0.996756372
1311867274.548943281 -0.273162707 -0.328272632 -0.734862979 -0.020085925 0.006340255 -0.075584341 0.996916929
1311867274.616862774 -0.271389830 -0.325754978 -0.725022605 -0.016907501 0.006629540 -0.074281095 0.997071966
1311867274.649009705 -0.278591687 -0.317707815 -0.715217961 -0.012944733 0.008138626 -0.076891631 0.996922200
1311867274.680804491 -0.279553288 -0.322082926 -0.711995732 -0.012562228 0.008867333 -0.075197733 0.997050080
1311867274.716710329 -0.281314731 -0.335936526 -0.703676571 -0.013971518 0.009138394 -0.074614453 0.997072700
1311867274.780645609 -0.283547689 -0.326298500 -0.697675085 -0.009515125 0.009701558 -0.075340605 0.997065261
1311867274.816701651 -0.282086598 -0.332658799 -0.689388234 -0.009701526 0.009775175 -0.075622983 0.997041369
1311867274.848793745 -0.286731091 -0.329763267 -0.680217847 -0.008390335 0.010607053 -0.074025497 0.997164640
1311867274.916628122 -0.287840393 -0.325623707 -0.670082914 -0.006451879 0.010054392 -0.072996295 0.997260660
1311867274.948645592 -0.292787182 -0.326427528 -0.661001328 -0.007319083 0.010651382 -0.073463365 0.997214176
1311867275.016675234 -0.304359413 -0.332478964 -0.643970388 -0.005510083 0.012945469 -0.075119829 0.997075256
1311867275.048721075 -0.280104167 -0.334580920 -0.647652395 -0.005959475 0.008286056 -0.074878852 0.997140403
1311867275.116833210 -0.296672112 -0.330919095 -0.625724258 -0.004041426 0.011424564 -0.076818843 0.996971420
1311867275.148688555 -0.282089671 -0.341851226 -0.620460053 -0.004563771 0.008767610 -0.075121866 0.997125371
1311867275.180701256 -0.284611474 -0.335550137 -0.615621496 -0.003973570 0.008717810 -0.072011648 0.997357776
1311867275.248734951 -0.305559443 -0.339484361 -0.597554519 -0.004150993 0.012813856 -0.074643467 0.997119314
1311867275.316665888 -0.308697005 -0.332832152 -0.579502944 -0.005543485 0.015425424 -0.076022767 0.996971346
1311867275.348709106 -0.312513025 -0.336296126 -0.569541940 -0.006820487 0.015385577 -0.076680000 0.996913709
1311867275.381039619 -0.297166132 -0.341014912 -0.575198348 -0.009064453 0.013237502 -0.076265952 0.996958429
1311867275.416695118 -0.301796565 -0.329125438 -0.562062851 -0.009310859 0.014711011 -0.074123594 0.997097080
1311867275.480859280 -0.313081573 -0.329185605 -0.545196192 -0.010189221 0.016531725 -0.077053856 0.996837793
1311867275.516816854 -0.305732852 -0.338568077 -0.539388277 -0.013638181 0.014657058 -0.077602745 0.996783319
1311867275.548814297 -0.320627701 -0.350776309 -0.528849015 -0.016802924 0.017466708 -0.077066322 0.996731337
1311867275.616793633 -0.326908298 -0.341373322 -0.509885963 -0.015852575 0.017862678 -0.076741352 0.996764960
1311867275.648733139 -0.334550921 -0.329415492 -0.508015971 -0.014466439 0.018984016 -0.076904352 0.996752753
1311867275.680882692 -0.328269409 -0.346181438 -0.500390954 -0.017033129 0.017452959 -0.076544112 0.996767910
1311867275.749215603 -0.328062964 -0.347304360 -0.487949625 -0.016641239 0.016348203 -0.077599149 0.996711682
1311867275.780809641 -0.328448506 -0.347545303 -0.486653209 -0.015514408 0.016510924 -0.078853294 0.996628743
1311867275.848840475 -0.343051303 -0.347050606 -0.467270213 -0.016993725 0.017891041 -0.077081697 0.996719387
1311867275.880760670 -0.336415238 -0.345252290 -0.469149207 -0.017406889 0.015795746 -0.077411114 0.996722135
1311867275.948821306 -0.346508258 -0.343707327 -0.455637405 -0.017764755 0.016911030 -0.074703500 0.996904117
1311867275.980896235 -0.337261544 -0.348660822 -0.447649608 -0.020115140 0.014960763 -0.073387945 0.996988348
1311867276.048984528 -0.338238525 -0.351346334 -0.442181511 -0.021407086 0.014164306 -0.074820828 0.996866567
1311867276.117046356 -0.344974697 -0.352282259 -0.424638309 -0.023007546 0.015752522 -0.075967627 0.996720337
1311867276.180826426 -0.345572746 -0.352369170 -0.414000453 -0.022185713 0.016485551 -0.073702508 0.996897167
1311867276.216826677 -0.343402128 -0.350583990 -0.412057454 -0.022694508 0.016683462 -0.074697484 0.996808360
1311867276.248954296 -0.352503464 -0.355676029 -0.402167501 -0.024702664 0.018103357 -0.071812963 0.996947815
1311867276.316846848 -0.347129580 -0.352970321 -0.395877421 -0.026944929 0.018807789 -0.068779857 0.997090552
1311867276.348823071 -0.348199816 -0.354106461 -0.393053911 -0.027523993 0.019835753 -0.068199927 0.997094651
1311867276.380997419 -0.347725799 -0.354146253 -0.390417825 -0.027699314 0.020888977 -0.067647074 0.997105948
1311867276.449013233 -0.356798393 -0.351772374 -0.378266255 -0.026552526 0.024707489 -0.067707772 0.997045717
1311867276.481045485 -0.355495533 -0.351501000 -0.374244303 -0.025888621 0.024740993 -0.068153869 0.997031952
1311867276.516811848 -0.359257172 -0.348215194 -0.374208561 -0.025470787 0.026497183 -0.069046650 0.996936156
1311867276.581007242 -0.360667759 -0.350467747 -0.362578294 -0.027275250 0.028102636 -0.066550915 0.997014182
1311867276.616954327 -0.359114842 -0.351670839 -0.353586442 -0.028719715 0.028296492 -0.065329323 0.997048929
1311867276.680880547 -0.361195503 -0.347388270 -0.345516861 -0.029644296 0.028433026 -0.062463931 0.997201603
1311867276.716833830 -0.363401435 -0.358397980 -0.339947406 -0.032331159 0.028438349 -0.062669243 0.997105071
1311867276.781173706 -0.359164619 -0.362266896 -0.331974017 -0.032307990 0.026568472 -0.062524606 0.997166477
1311867276.816884756 -0.359569820 -0.358326025 -0.328502468 -0.032415536 0.026553048 -0.062752312 0.997149094
1311867276.880863905 -0.376822851 -0.367053610 -0.317886647 -0.033116688 0.028854803 -0.063894566 0.996989553
1311867276.916960955 -0.379455648 -0.368195195 -0.318424441 -0.033300086 0.028957156 -0.063747500 0.996989891
1311867276.980865955 -0.391748943 -0.365587621 -0.301048316 -0.032493816 0.029565721 -0.065462109 0.996887522
1311867277.049008608 -0.384545339 -0.358168893 -0.295379732 -0.033903589 0.027338659 -0.066220509 0.996854046
1311867277.081265450 -0.379578386 -0.359091703 -0.291497058 -0.034897969 0.026337835 -0.066850178 0.996804647
1311867277.116823912 -0.375106529 -0.361327557 -0.285623411 -0.035834637 0.024985853 -0.066810900 0.996808853
1311867277.180830956 -0.376913205 -0.357802994 -0.275226755 -0.039963253 0.025204397 -0.066648096 0.996657267
1311867277.216966867 -0.377676827 -0.353310765 -0.266809896 -0.040346453 0.025099070 -0.066132702 0.996678818
1311867277.280849457 -0.392152336 -0.353784801 -0.249169941 -0.040480984 0.026518014 -0.068321719 0.996488950
1311867277.316929102 -0.382267654 -0.361095281 -0.248465282 -0.042505205 0.025791199 -0.067465588 0.996482070
1311867277.349051237 -0.384777841 -0.363944834 -0.241813428 -0.044441961 0.026973833 -0.066353662 0.996440924
1311867277.416922331 -0.381219007 -0.366854062 -0.228856718 -0.042965393 0.028305990 -0.065949652 0.996495554
1311867277.450160742 -0.383804199 -0.355843213 -0.223276627 -0.040529713 0.028046894 -0.065234833 0.996651961
1311867277.517077923 -0.400036804 -0.366845223 -0.215946349 -0.043145483 0.028606896 -0.064256990 0.996589761
1311867277.548828125 -0.399761921 -0.365438854 -0.203926309 -0.041001355 0.026188389 -0.064296227 0.996744226
1311867277.616896629 -0.390215715 -0.365921711 -0.205507780 -0.041045751 0.024877216 -0.063573880 0.996822317
1311867277.649076462 -0.407614967 -0.369654723 -0.191943148 -0.039590680 0.027422661 -0.064786141 0.996736340
1311867277.681056976 -0.389746998 -0.367306801 -0.196374980 -0.037862763 0.024405272 -0.062661277 0.997017732
1311867277.748908997 -0.393549032 -0.358574794 -0.184563269 -0.038589666 0.026070631 -0.062837726 0.996936598
1311867277.784818411 -0.390132055 -0.368331551 -0.178512238 -0.040981292 0.025323391 -0.063647683 0.996809025
1311867277.816867828 -0.388257715 -0.362810606 -0.170517433 -0.041463139 0.026149872 -0.061938710 0.996875413
1311867277.884895802 -0.397746133 -0.371365500 -0.153217301 -0.042689847 0.028495990 -0.062641928 0.996715378
1311867277.948933125 -0.399208755 -0.370943020 -0.147588208 -0.042710875 0.031216363 -0.061076998 0.996730114
1311867278.016848326 -0.400683303 -0.374063126 -0.129193807 -0.040474399 0.031543294 -0.059776501 0.996891977
1311867278.084825754 -0.395048692 -0.367038573 -0.122298717 -0.036038283 0.031884710 -0.057481992 0.997186255
1311867278.116862297 -0.401569748 -0.373161218 -0.108145459 -0.035321676 0.033014341 -0.058042446 0.997142671
1311867278.149018288 -0.386268599 -0.370859799 -0.107920759 -0.032636695 0.030404175 -0.057568408 0.997344630
1311867278.216940403 -0.396548825 -0.366740925 -0.091110158 -0.029950009 0.031316355 -0.058350603 0.997355248
1311867278.248940229 -0.394718126 -0.360627707 -0.085918525 -0.026688736 0.030780071 -0.058273591 0.997469041
1311867278.317403316 -0.397931924 -0.356028167 -0.072379060 -0.024587625 0.030410928 -0.058592197 0.997515703
1311867278.349011183 -0.392399407 -0.364571794 -0.071803273 -0.024619081 0.029100479 -0.058454639 0.997562087
1311867278.384931326 -0.394742670 -0.368584084 -0.064639843 -0.022598612 0.028133745 -0.058056288 0.997660896
1311867278.448913574 -0.385859800 -0.359609756 -0.057996532 -0.018648405 0.025111800 -0.054582004 0.998019258
1311867278.485032082 -0.366822964 -0.374751187 -0.062092364 -0.018383680 0.020022632 -0.054822777 0.998126043
1311867278.549264908 -0.379479096 -0.367804186 -0.042896384 -0.010517696 0.018985963 -0.056544622 0.998164123
1311867278.584922791 -0.406378441 -0.367368957 -0.034382540 -0.008867038 0.024309741 -0.060123008 0.997855519
1311867278.649080276 -0.389590932 -0.358192968 -0.023717782 -0.004300671 0.017352414 -0.060972748 0.997979319
1311867278.717051744 -0.378444707 -0.365130814 -0.016309623 -0.006768064 0.015130015 -0.063117144 0.997868479
1311867278.749116659 -0.385879082 -0.370278899 -0.009780558 -0.005837426 0.015746037 -0.062332315 0.997914159
1311867278.816933155 -0.374654181 -0.366465942 0.004885493 -0.006067142 0.013519878 -0.065134005 0.997766488
1311867278.884953260 -0.369492026 -0.369834450 0.013340453 -0.003265297 0.012629239 -0.066339632 0.997711829
1311867278.916958809 -0.358603553 -0.362214450 0.011019301 -0.003744399 0.012275160 -0.063706340 0.997886167
1311867278.985050201 -0.367831842 -0.369725233 0.031712037 -0.007318177 0.013049014 -0.063415854 0.997875041
1311867279.016950846 -0.358503064 -0.365258460 0.031346090 -0.005322676 0.011514967 -0.063013467 0.997932051
1311867279.049206495 -0.358841727 -0.368608267 0.028656642 -0.007671804 0.012504152 -0.063509085 0.997873432
1311867279.117023945 -0.363450597 -0.366718935 0.044993659 -0.007912164 0.010961416 -0.064247478 0.997842426
1311867279.149152279 -0.364592079 -0.369021904 0.046835316 -0.009476262 0.012017712 -0.064770580 0.997782816
1311867279.216910362 -0.365063843 -0.363964856 0.063959637 -0.011625147 0.010839033 -0.066204038 0.997679506
1311867279.249252081 -0.364651310 -0.362131007 0.066380818 -0.010511534 0.009567583 -0.066829660 0.997663152
1311867279.317000389 -0.359834842 -0.347556869 0.077893548 -0.010912842 0.010170320 -0.068831129 0.997516792
1311867279.349109411 -0.358818328 -0.357816618 0.078832003 -0.013785189 0.008917436 -0.070352558 0.997387069
1311867279.417131662 -0.352693915 -0.358510658 0.083849017 -0.018061530 0.008417574 -0.071396159 0.997248973
1311867279.448972464 -0.380652924 -0.360091908 0.090682578 -0.019296575 0.014022833 -0.075955333 0.996825857
1311867279.485177517 -0.361398202 -0.357757918 0.101235532 -0.018986033 0.010213493 -0.073248707 0.997080660
1311867279.549112082 -0.374632323 -0.356269775 0.117986400 -0.022363038 0.012886680 -0.073273051 0.996977877
1311867279.585000038 -0.356774999 -0.363730815 0.119989059 -0.022963654 0.008030551 -0.072578573 0.997065961
1311867279.649149179 -0.349727016 -0.364181956 0.128155539 -0.025384965 0.005224522 -0.071472239 0.997105825
1311867279.685122013 -0.379238474 -0.352486000 0.134910061 -0.022899367 0.012596686 -0.073756360 0.996933770
1311867279.749168396 -0.363551840 -0.345831952 0.141584041 -0.024864824 0.009193447 -0.071027485 0.997122017
1311867279.785183668 -0.361848774 -0.366901437 0.141548781 -0.029891492 0.008972097 -0.071405669 0.996958991
1311867279.849225044 -0.354097061 -0.358886296 0.154530183 -0.030668796 0.008926800 -0.070437708 0.997004647
1311867279.917304039 -0.352730860 -0.358030697 0.168151038 -0.030846972 0.009929223 -0.070477384 0.996986867
1311867279.985228777 -0.342180936 -0.352850216 0.177557329 -0.032932684 0.010094673 -0.069248739 0.997004588
1311867280.018480539 -0.344259245 -0.354756313 0.175530163 -0.033413468 0.011274431 -0.069182088 0.996980575
1311867280.049280882 -0.336847215 -0.347676038 0.182024243 -0.034135220 0.011280757 -0.067021565 0.997103626
1311867280.117762089 -0.341081913 -0.353783996 0.201611687 -0.038718668 0.015252156 -0.066975005 0.996886445
1311867280.149143219 -0.342459795 -0.351375259 0.199162657 -0.038261684 0.016486883 -0.068128679 0.996806255
1311867280.218466520 -0.340492355 -0.350405472 0.213495314 -0.042182012 0.017731215 -0.067679710 0.996657283
1311867280.249139309 -0.329660113 -0.349314099 0.215150864 -0.042797169 0.016493486 -0.065560652 0.996793945
1311867280.285234928 -0.334242374 -0.346344565 0.217640751 -0.046025243 0.018326002 -0.066012004 0.996588305
1311867280.349364281 -0.333877662 -0.349281838 0.227004611 -0.049638203 0.020033604 -0.065751217 0.996399258
1311867280.384985924 -0.332315542 -0.351204505 0.234926075 -0.053069727 0.021219526 -0.065928738 0.996186096
1311867280.449358702 -0.332674930 -0.350184524 0.239150977 -0.055630713 0.023182490 -0.065738482 0.996015185
1311867280.485243320 -0.320464977 -0.344404005 0.249320320 -0.057036178 0.022040337 -0.064528345 0.996040758
1311867280.517163515 -0.325850347 -0.342835414 0.250830304 -0.057968521 0.024204791 -0.064947004 0.995909466
1311867280.585098267 -0.316493557 -0.340817735 0.260411678 -0.062062080 0.023005093 -0.063406914 0.995790453
1311867280.619112730 -0.321735014 -0.349107944 0.268621814 -0.065382889 0.024562082 -0.064580359 0.995465298
1311867280.685075760 -0.322277377 -0.347017926 0.270118894 -0.066550509 0.026614219 -0.065593187 0.995268932
1311867280.717291117 -0.326809019 -0.346034468 0.276778346 -0.066792764 0.028638201 -0.067196656 0.995089538
1311867280.785051346 -0.325829832 -0.344448652 0.285182641 -0.068133042 0.030070598 -0.068404224 0.994874118
1311867280.817244530 -0.320902152 -0.348470450 0.289991127 -0.070251600 0.029473791 -0.067911262 0.994778402
1311867280.849336147 -0.307186459 -0.340825168 0.295345957 -0.069594736 0.026789920 -0.067897700 0.994901390
1311867280.917146206 -0.314680795 -0.338900673 0.300686290 -0.071664715 0.029673012 -0.068791976 0.994611153
1311867280.985057354 -0.313914816 -0.338939176 0.310612841 -0.074958458 0.029737353 -0.069618026 0.994308931
1311867281.017255068 -0.316113436 -0.340056104 0.315571578 -0.076112915 0.030176646 -0.070191528 0.994167664
1311867281.049159527 -0.319018172 -0.339974213 0.320360787 -0.077116477 0.030931854 -0.071317075 0.993986994
1311867281.117112160 -0.317990450 -0.331588549 0.325214543 -0.078199409 0.032812843 -0.072934718 0.993724658
1311867281.149430275 -0.314433630 -0.334798322 0.332379388 -0.080676039 0.031398039 -0.071826128 0.993653132
1311867281.185052395 -0.312216307 -0.336565472 0.332726581 -0.082899007 0.031994611 -0.071538362 0.993471873
1311867281.250106096 -0.306895898 -0.334899456 0.344017287 -0.085807120 0.032502211 -0.071284036 0.993226727
1311867281.285101891 -0.305893355 -0.334201365 0.349928147 -0.086970743 0.033122726 -0.070469088 0.993163170
1311867281.349217176 -0.300589672 -0.341094257 0.359408604 -0.091586530 0.032078965 -0.070214669 0.992800457
1311867281.385100842 -0.297757505 -0.331713900 0.359854860 -0.089269540 0.031622657 -0.069601289 0.993069291
1311867281.417074203 -0.301310791 -0.329134173 0.361581955 -0.090215621 0.033571560 -0.069649071 0.992916461
1311867281.485107183 -0.297971578 -0.331174578 0.371539793 -0.091176107 0.031968250 -0.069844556 0.992867910
1311867281.517166853 -0.295957523 -0.329676324 0.374496672 -0.092189602 0.031253534 -0.069579296 0.992815701
1311867281.585193157 -0.295161355 -0.328128294 0.383709552 -0.091767475 0.030140676 -0.070652893 0.992813396
1311867281.617285728 -0.297625599 -0.330432407 0.385501301 -0.092994176 0.030164124 -0.070873032 0.992682841
1311867281.649273872 -0.300076620 -0.334731253 0.390018292 -0.094288820 0.030419698 -0.070589606 0.992573105
1311867281.717169762 -0.286253107 -0.331516695 0.393220050 -0.092398860 0.026454007 -0.068226552 0.993029594
1311867281.749308825 -0.289957846 -0.331322552 0.397968723 -0.093340066 0.027211604 -0.067754327 0.992953429
1311867281.785114765 -0.290155762 -0.340254271 0.401000346 -0.094108897 0.026114652 -0.067473008 0.992929471
1311867281.849169731 -0.291077566 -0.338758273 0.408115878 -0.093531714 0.026485190 -0.066077664 0.993068022
1311867281.885078669 -0.290132595 -0.334795388 0.406499880 -0.091789573 0.026033176 -0.065614743 0.993273202
1311867281.917153358 -0.281985560 -0.337528580 0.411077331 -0.093066780 0.024336246 -0.063098002 0.993360440
1311867281.985073805 -0.284148711 -0.340250966 0.414484870 -0.094177973 0.024439378 -0.062395460 0.993297555
1311867282.017319679 -0.276419939 -0.332490673 0.417625139 -0.092227512 0.023597417 -0.060452909 0.993621001
1311867282.049153566 -0.277891758 -0.332436230 0.419630166 -0.093724991 0.024311026 -0.060065830 0.993487139
1311867282.117595911 -0.270793327 -0.336640315 0.423785821 -0.094319258 0.022320771 -0.058514217 0.993570202
1311867282.154863596 -0.280892729 -0.321232321 0.422459508 -0.091654513 0.025943949 -0.060035727 0.993640817
1311867282.188493490 -0.287273047 -0.319403900 0.425714367 -0.091399633 0.027247457 -0.060536726 0.993599008
1311867282.253156424 -0.260471024 -0.299046364 0.426929964 -0.084513693 0.020110546 -0.056272329 0.994628788
1311867282.288070202 -0.267823639 -0.324841571 0.435800452 -0.093907303 0.021967984 -0.056999419 0.993705134
1311867282.350082636 -0.258381813 -0.339050699 0.445648967 -0.098217081 0.020370734 -0.056311315 0.993361704
1311867282.417371273 -0.249435065 -0.342814071 0.452356023 -0.099284955 0.018608409 -0.057063200 0.993247208
1311867282.449215412 -0.255923163 -0.338740408 0.455503459 -0.098769845 0.021011606 -0.057924851 0.993200756
1311867282.485250711 -0.254099458 -0.337887140 0.456621290 -0.098773854 0.020503011 -0.057920119 0.993211263
1311867282.517374992 -0.252923400 -0.341215671 0.460699398 -0.098755689 0.020399635 -0.058517139 0.993180202
1311867282.549242020 -0.250850013 -0.338184832 0.464232746 -0.097623691 0.020576532 -0.058682342 0.993278714
1311867282.617187738 -0.252448534 -0.337831867 0.468195515 -0.096630946 0.020595303 -0.058816102 0.993367485
1311867282.649229765 -0.251057075 -0.337647364 0.466761530 -0.096616658 0.020013320 -0.058375404 0.993406765
1311867282.685172081 -0.249753506 -0.341685554 0.470437875 -0.098550069 0.019358204 -0.057870017 0.993259385
1311867282.717390537 -0.251656548 -0.342287350 0.472179551 -0.097738024 0.019164643 -0.058367881 0.993314243
1311867282.785197973 -0.249365450 -0.345648094 0.475778589 -0.097815776 0.018512985 -0.060168484 0.993211507
1311867282.817433834 -0.255835200 -0.341260067 0.477519571 -0.095601491 0.020227800 -0.062846222 0.993227841
1311867282.849193573 -0.252453426 -0.340907705 0.480302521 -0.096457009 0.018309013 -0.061996831 0.993235732
1311867282.885733604 -0.260924252 -0.336135846 0.478311175 -0.096468772 0.019823672 -0.063465579 0.993112742
1311867282.950234890 -0.256701442 -0.329813020 0.487344560 -0.096417952 0.018203269 -0.064284052 0.993096058
1311867282.985476255 -0.257363181 -0.337713727 0.490199970 -0.100535710 0.017175385 -0.063286842 0.992770040
1311867283.017554522 -0.257945727 -0.339870907 0.491952314 -0.101531064 0.016776737 -0.064437398 0.992601534
1311867283.049391270 -0.260037787 -0.339726160 0.493929720 -0.100529859 0.017231020 -0.065633949 0.992617260
1311867283.085257769 -0.258648207 -0.334872782 0.493965578 -0.100498158 0.016635788 -0.065668518 0.992628338
1311867283.117441177 -0.259565039 -0.342017922 0.497661304 -0.103041465 0.016672650 -0.066070542 0.992340245
1311867283.149531603 -0.256877849 -0.340701327 0.497541623 -0.100989092 0.015853740 -0.065489388 0.992603144
1311867283.217286110 -0.254275399 -0.343228659 0.503592442 -0.103225052 0.015267612 -0.064050653 0.992476197
1311867283.249356508 -0.259272880 -0.343112614 0.501823177 -0.100966375 0.016256402 -0.065172381 0.992619807
1311867283.285374880 -0.256796666 -0.339778371 0.502379917 -0.099843860 0.016148216 -0.064643285 0.992769704
1311867283.349795580 -0.256634106 -0.343074605 0.507935896 -0.099671857 0.016810883 -0.064937511 0.992756785
1311867283.385221958 -0.258060165 -0.342071971 0.510260334 -0.098721507 0.017039549 -0.065102144 0.992837061
1311867283.417308331 -0.258125502 -0.340428947 0.509669348 -0.098096701 0.017356819 -0.065450410 0.992870597
1311867283.449265480 -0.269557471 -0.335488740 0.508061882 -0.096000475 0.020535911 -0.069217929 0.992759318
1311867283.485336781 -0.249423845 -0.351070233 0.514409656 -0.099203407 0.014869003 -0.065279923 0.992812232
1311867283.549560547 -0.251843999 -0.344730698 0.515303415 -0.096772224 0.017264359 -0.066330887 0.992943751
1311867283.585387945 -0.252064211 -0.342362129 0.514681468 -0.094652740 0.017401720 -0.065958835 0.993170414
1311867283.617317915 -0.253309256 -0.340596245 0.514538763 -0.094593965 0.017781743 -0.065409777 0.993205594
1311867283.649382114 -0.250195121 -0.342055395 0.518681204 -0.095813816 0.017318148 -0.064609374 0.993149245
1311867283.685287952 -0.247688780 -0.343586764 0.516910807 -0.096375755 0.017017248 -0.064032000 0.993137468
1311867283.749207973 -0.259041188 -0.336306625 0.518252367 -0.096368953 0.021587120 -0.065409379 0.992959533
1311867283.785317183 -0.259109519 -0.338312689 0.521187515 -0.096529465 0.021090794 -0.065105223 0.992974597
1311867283.817412615 -0.249905421 -0.339604185 0.522819990 -0.097344311 0.018613055 -0.062561107 0.993108125
1311867283.849451780 -0.253459118 -0.331799060 0.521695204 -0.095725391 0.019989088 -0.062929970 0.993215437
1311867283.917539835 -0.254895423 -0.340167108 0.526827845 -0.097256863 0.019363415 -0.062506063 0.993105812
1311867283.949889898 -0.252855903 -0.331411795 0.526044802 -0.095063051 0.018639399 -0.061295859 0.993407473
1311867283.985662699 -0.252945731 -0.341651814 0.529575837 -0.097796478 0.017892162 -0.061137476 0.993165610
1311867284.049778938 -0.257950785 -0.333595339 0.525229160 -0.093579424 0.018493228 -0.061982242 0.993508477
1311867284.085373402 -0.262563118 -0.335927622 0.526944795 -0.095154128 0.019241497 -0.062480144 0.993313489
1311867284.117503881 -0.260474339 -0.336885796 0.530558681 -0.095165712 0.018271171 -0.062984941 0.993298821
1311867284.187489033 -0.261611024 -0.331559541 0.529513540 -0.096308759 0.018984864 -0.063931534 0.993114775
1311867284.217337132 -0.265308044 -0.313082637 0.536738720 -0.091880230 0.020441228 -0.067135565 0.993294013
1311867284.249431133 -0.265228602 -0.329182538 0.529540477 -0.097113585 0.020383287 -0.064503374 0.992971695
1311867284.285315990 -0.268845270 -0.330687124 0.526439717 -0.098467659 0.021509638 -0.064796569 0.992795478
1311867284.349423885 -0.266211233 -0.315520613 0.528651379 -0.096329741 0.021740049 -0.066012084 0.992920116
1311867284.385432482 -0.264007621 -0.323427842 0.532464512 -0.100121224 0.021072003 -0.064575943 0.992653846
1311867284.417580128 -0.264423165 -0.326398796 0.530648905 -0.100616087 0.021726265 -0.064642034 0.992585402
1311867284.449513674 -0.263063922 -0.320131825 0.533948251 -0.100272583 0.021976793 -0.065220027 0.992576837
1311867284.517729521 -0.256075254 -0.324222791 0.535927457 -0.100760546 0.019829501 -0.063552740 0.992680791
1311867284.549453735 -0.256187876 -0.326187507 0.536545252 -0.101676361 0.019732514 -0.062224391 0.992673496
1311867284.585417747 -0.259803386 -0.316929703 0.536380650 -0.099724254 0.021206800 -0.063626643 0.992752233
1311867284.617494106 -0.258882248 -0.318720526 0.537417693 -0.099493767 0.020552175 -0.062383212 0.992868034
1311867284.685377598 -0.262885630 -0.316612719 0.535094583 -0.100063209 0.021503008 -0.062400128 0.992789604
1311867284.717486143 -0.259832060 -0.324270545 0.535997462 -0.100805241 0.021067137 -0.061552686 0.992776786
1311867284.749750614 -0.251689726 -0.319303709 0.537343925 -0.100537430 0.018788235 -0.059951246 0.992947670
1311867284.785409451 -0.256007750 -0.325633945 0.539546404 -0.103642817 0.019404487 -0.060337011 0.992593108
1311867284.849276781 -0.252018850 -0.316982942 0.542091091 -0.101236741 0.019165377 -0.061255083 0.992789819
1311867284.885385036 -0.264267016 -0.317508512 0.541314179 -0.101867610 0.022533258 -0.064538627 0.992446476
1311867284.917460918 -0.258976636 -0.321731573 0.540309719 -0.102370431 0.020088219 -0.062559325 0.992573972
1311867284.949246883 -0.258687118 -0.316511093 0.538915828 -0.101749494 0.020081279 -0.063127346 0.992601995
1311867285.017538786 -0.267472232 -0.322089768 0.538815856 -0.102065284 0.021754544 -0.064930933 0.992417952
1311867285.049367905 -0.258375906 -0.318646440 0.537439407 -0.100556272 0.018720983 -0.063309564 0.992738566
1311867285.085326433 -0.268446477 -0.316689993 0.534549926 -0.099686917 0.020561276 -0.067004727 0.992547288
1311867285.117712021 -0.275417378 -0.315146855 0.532025686 -0.097665215 0.021553888 -0.069571911 0.992550596
1311867285.150211811 -0.257008895 -0.315661325 0.537967329 -0.097752192 0.016230008 -0.064625130 0.992977688
1311867285.218761206 -0.275505783 -0.319762384 0.529829697 -0.096774514 0.019949660 -0.068854167 0.992721415
1311867285.249365807 -0.258014794 -0.330552305 0.533340167 -0.099234941 0.014929907 -0.064298137 0.992872234
1311867285.285362482 -0.260616669 -0.331144751 0.529762813 -0.098875605 0.015881882 -0.065018562 0.992846397
1311867285.317503214 -0.258824184 -0.335323521 0.533862520 -0.099344671 0.014999549 -0.064987245 0.992815344
1311867285.349344730 -0.259701774 -0.331240469 0.529068513 -0.097393798 0.015530219 -0.064394463 0.993039080
1311867285.417580843 -0.261855073 -0.333130862 0.527861328 -0.098232288 0.015886801 -0.064930586 0.992915931
1311867285.449284077 -0.261403370 -0.330418375 0.528696668 -0.097499416 0.016080484 -0.064913816 0.992986142
1311867285.485380173 -0.258680538 -0.328671718 0.529816341 -0.098197247 0.015583508 -0.064550416 0.992948991
1311867285.517647982 -0.266350330 -0.320512906 0.532991633 -0.096058728 0.017574648 -0.066374343 0.993004682
1311867285.549450397 -0.265725128 -0.322825812 0.530241234 -0.095977382 0.017491066 -0.066490925 0.993006224
1311867285.617550611 -0.262774941 -0.324818703 0.535042017 -0.098035473 0.017518493 -0.065388769 0.992877866
1311867285.649403095 -0.270811735 -0.302128214 0.535600248 -0.092057261 0.019357779 -0.069611979 0.993128848
1311867285.685653448 -0.266760591 -0.313999359 0.536886043 -0.096573483 0.018355289 -0.067448135 0.992868267
1311867285.717719078 -0.265798349 -0.320157634 0.535464631 -0.097182032 0.017863713 -0.066647804 0.992871900
1311867285.749707699 -0.273482881 -0.317077212 0.532931864 -0.096212107 0.019711467 -0.068295758 0.992819409
1311867285.817971468 -0.267821684 -0.323475638 0.535641824 -0.097537278 0.018342813 -0.066126833 0.992863164
1311867285.885285616 -0.267752385 -0.329529323 0.536204475 -0.098911203 0.017751227 -0.065948950 0.992749819
1311867285.918736696 -0.274184694 -0.331392226 0.536914879 -0.097408117 0.019414993 -0.068294809 0.992708686
1311867285.949512959 -0.267235737 -0.328612471 0.536155671 -0.095588386 0.017723899 -0.067103359 0.992998421
1311867286.018456221 -0.273026269 -0.329260960 0.538180038 -0.095572511 0.018524250 -0.068703189 0.992875933
1311867286.049421549 -0.269773258 -0.329141563 0.537309498 -0.095539005 0.017788782 -0.067853464 0.992951039
1311867286.085401773 -0.269611415 -0.330427976 0.538466755 -0.097036488 0.017705970 -0.067882313 0.992805323
1311867286.124098301 -0.272967872 -0.331072791 0.540315496 -0.096877161 0.018323033 -0.069386645 0.992705684
1311867286.150632381 -0.280193403 -0.321686639 0.536062370 -0.094045352 0.020464807 -0.070974590 0.992823887
1311867286.185758829 -0.269382420 -0.325142990 0.541320873 -0.096485622 0.017064867 -0.069401316 0.992765215
1311867286.217982769 -0.272950823 -0.319760510 0.542249462 -0.095021229 0.018110991 -0.070528072 0.992808516
1311867286.252521038 -0.272217989 -0.325667797 0.543634533 -0.096877815 0.017195949 -0.069485326 0.992718882
1311867286.286162376 -0.276714719 -0.325205367 0.542436184 -0.097643469 0.018451277 -0.070680988 0.992536902
1311867286.320348501 -0.276117548 -0.322634913 0.543956011 -0.097054218 0.017635363 -0.071244085 0.992569269
1311867286.352378130 -0.269698476 -0.330805084 0.542840379 -0.098043326 0.014876800 -0.069620492 0.992632447
1311867286.385562658 -0.271795992 -0.326443807 0.543714082 -0.096568249 0.015180523 -0.069804057 0.992759547
1311867286.417776823 -0.274627614 -0.324586943 0.549188813 -0.096376655 0.014307632 -0.069293128 0.992826921
1311867286.449419498 -0.277378418 -0.316126783 0.548087059 -0.092332277 0.012616853 -0.070929379 0.993118618
1311867286.485571384 -0.269569053 -0.325076124 0.545728182 -0.094193976 0.009581190 -0.068289466 0.993162748
1311867286.519021988 -0.271212096 -0.320223302 0.548514213 -0.092715809 0.010294992 -0.069618474 0.993202426
1311867286.551198959 -0.266204608 -0.325329201 0.549489157 -0.092920866 0.008558866 -0.068907929 0.993249292
1311867286.585520029 -0.270974792 -0.317752258 0.543928781 -0.089829856 0.009627651 -0.071184988 0.993363278
1311867286.619072676 -0.273837495 -0.318482837 0.537039948 -0.090817515 0.010724058 -0.070278204 0.993326808
1311867286.649990559 -0.275714918 -0.325659198 0.544739758 -0.092460506 0.009963261 -0.071661292 0.993084310
1311867286.685642719 -0.272446756 -0.318173439 0.544707000 -0.088536580 0.008878887 -0.072092952 0.993420880
1311867286.717615843 -0.258106368 -0.322241500 0.551346308 -0.089889928 0.005992408 -0.068248540 0.993592486
1311867286.749548912 -0.272402188 -0.317028482 0.540854204 -0.087600132 0.010143724 -0.072499202 0.993462222
1311867286.785646439 -0.277006434 -0.328922959 0.541714238 -0.089715520 0.010938399 -0.074345729 0.993128486
1311867286.817625284 -0.277387561 -0.315485324 0.542188954 -0.086918436 0.011722583 -0.076672188 0.993191393
1311867286.853581905 -0.272070997 -0.319805347 0.545116315 -0.089348297 0.010318917 -0.072922145 0.993273760
1311867286.886814833 -0.275524010 -0.315506196 0.548610693 -0.087272566 0.009295225 -0.075258894 0.993294114
1311867286.917438030 -0.265026613 -0.322875683 0.546868520 -0.089868757 0.005629390 -0.072437725 0.993299901
1311867286.954360723 -0.261556439 -0.326826281 0.547082773 -0.093120245 0.004969211 -0.071576541 0.993066325
1311867286.985411882 -0.269624847 -0.324646156 0.546194935 -0.092362478 0.006798115 -0.073996344 0.992948891
1311867287.017431498 -0.267113592 -0.323319449 0.542907408 -0.091139911 0.006037715 -0.073483760 0.993104828
1311867287.054702044 -0.262096466 -0.326130725 0.544121643 -0.092599483 0.005210346 -0.072225162 0.993066823
1311867287.085685730 -0.268823340 -0.325917920 0.541840972 -0.094301343 0.006040090 -0.071477155 0.992956087
1311867287.117817402 -0.257805658 -0.330840844 0.545833999 -0.096162233 0.002710849 -0.069744930 0.992915465
1311867287.153705359 -0.263207466 -0.319265377 0.545444232 -0.092598002 0.005097074 -0.072681950 0.993034221
1311867287.187445402 -0.255369227 -0.325791790 0.548444998 -0.095558466 0.003356571 -0.071491586 0.992847554
1311867287.217557907 -0.263583702 -0.322301120 0.544003523 -0.093860872 0.006494842 -0.075181909 0.992721328
1311867287.253667831 -0.261550264 -0.324803204 0.543838044 -0.094464056 0.006385993 -0.074621021 0.992707139
1311867287.287011385 -0.261761673 -0.321990214 0.547557686 -0.094485382 0.006415918 -0.074096598 0.992744198
1311867287.317562580 -0.265254039 -0.324840311 0.546576933 -0.094618251 0.006535433 -0.074623464 0.992691298
1311867287.354093790 -0.265163363 -0.318318930 0.540015518 -0.091806480 0.006404996 -0.074992364 0.992928342
1311867287.385542393 -0.263472706 -0.321443809 0.542904702 -0.093046503 0.006147883 -0.072995983 0.992963312
1311867287.417576075 -0.273233676 -0.314849526 0.540547707 -0.089949163 0.008541683 -0.075977880 0.993007326
1311867287.453529358 -0.276800796 -0.309967839 0.536985010 -0.087667284 0.009353230 -0.077730189 0.993068468
1311867287.486720324 -0.273036869 -0.313495780 0.538468969 -0.088471700 0.008558363 -0.077071937 0.993055602
1311867287.517500162 -0.272539722 -0.315972395 0.542226478 -0.089387870 0.008472781 -0.075808314 0.993071558
1311867287.553487062 -0.267396823 -0.325116127 0.540858673 -0.092727238 0.006595949 -0.072622047 0.993017719
1311867287.586853743 -0.261722314 -0.324874797 0.543883848 -0.093213734 0.004229734 -0.070729957 0.993121635
1311867287.617657423 -0.253376381 -0.327683001 0.546537459 -0.093399523 0.001487345 -0.070302312 0.993142438
1311867287.653916359 -0.258131824 -0.325453427 0.543664679 -0.091668684 0.003882153 -0.072743330 0.993121437
1311867287.687566280 -0.261498023 -0.321450807 0.542852974 -0.091414300 0.005223356 -0.072631848 0.993146896
1311867287.717627764 -0.268546035 -0.316856805 0.543578578 -0.090524905 0.006442367 -0.075496555 0.993007557
1311867287.755390644 -0.262003894 -0.323739226 0.545894607 -0.092728932 0.004527036 -0.073347264 0.992975846
1311867287.787243366 -0.264829717 -0.314609223 0.541250311 -0.090454262 0.006334830 -0.074436335 0.993094723
1311867287.826010466 -0.256313331 -0.318064191 0.542187373 -0.092529604 0.004323764 -0.072885460 0.993029349
1311867287.853650331 -0.266912709 -0.319263316 0.541873900 -0.092759857 0.007413039 -0.074416508 0.992876044
1311867287.893110991 -0.269757964 -0.312959940 0.539770071 -0.089650034 0.009293573 -0.075905214 0.993033181
1311867287.917570829 -0.263416611 -0.314882777 0.541410977 -0.092512123 0.008611283 -0.072753460 0.993012733
1311867287.953561306 -0.265307056 -0.327237501 0.546077098 -0.095158391 0.008741810 -0.073795849 0.992684559
1311867287.986839056 -0.253534854 -0.328121086 0.547286683 -0.093365811 0.006285309 -0.071729532 0.993024770
1311867288.017881632 -0.244487802 -0.313670074 0.550201861 -0.089651727 0.006239655 -0.071705841 0.993368968
1311867288.053639412 -0.264039194 -0.321337869 0.543764602 -0.091238606 0.012133330 -0.074718803 0.992947833
1311867288.085418463 -0.263539775 -0.321223203 0.545267719 -0.088812249 0.011759889 -0.074271878 0.993205808
1311867288.117593765 -0.265541574 -0.320338337 0.536105615 -0.088645589 0.012117165 -0.073156037 0.993299214
1311867288.154081821 -0.267750821 -0.311750896 0.538498176 -0.085928393 0.013369440 -0.076201814 0.993292934
1311867288.185454845 -0.250670333 -0.335248034 0.545849397 -0.089725654 0.008350504 -0.071954106 0.993328839
1311867288.217534304 -0.258662501 -0.324741444 0.538700152 -0.087018795 0.010793264 -0.071829409 0.993555117
1311867288.253580809 -0.280149956 -0.311990254 0.529131267 -0.084752953 0.016405748 -0.077307413 0.993262982
1311867288.285471678 -0.263838134 -0.326878616 0.536644083 -0.087507455 0.011091414 -0.073292330 0.993402064
1311867288.317582607 -0.250878196 -0.330745653 0.540404556 -0.088251136 0.007838764 -0.069321849 0.993652239
1311867288.353520632 -0.256268399 -0.332811315 0.539537780 -0.089571336 0.009073943 -0.069023384 0.993544368
1311867288.385882616 -0.260308957 -0.329345762 0.540788184 -0.087773089 0.009985713 -0.070386716 0.993600463
1311867288.417760849 -0.255822401 -0.331792377 0.543138712 -0.088714001 0.008452652 -0.068767655 0.993644498
1311867288.456018925 -0.262039854 -0.329497481 0.542291780 -0.089085764 0.010054019 -0.070264833 0.993491569
1311867288.485464811 -0.267340857 -0.327488364 0.541311602 -0.088689029 0.011233689 -0.072231934 0.993373348
1311867288.517689228 -0.269259172 -0.317869938 0.541316212 -0.085559277 0.012171390 -0.074686341 0.993455292
1311867288.554472208 -0.267802431 -0.323292034 0.538257251 -0.087802125 0.011908665 -0.073023501 0.993386400
1311867288.586599350 -0.269756844 -0.327615040 0.539955500 -0.088864098 0.011980640 -0.073486365 0.993256961
1311867288.617540598 -0.265193222 -0.320844555 0.543565770 -0.086738446 0.011002946 -0.073438024 0.993459729
1311867288.655101538 -0.262639562 -0.329137246 0.543448903 -0.089502421 0.010957771 -0.071464375 0.993358992
1311867288.687379122 -0.262542067 -0.332359002 0.544806649 -0.091025943 0.010602489 -0.071289213 0.993236987
1311867288.717701674 -0.261952219 -0.332065417 0.544583491 -0.090732112 0.010195689 -0.070878762 0.993297505
1311867288.756021500 -0.262758457 -0.328635509 0.542207009 -0.090268990 0.010836214 -0.071636234 0.993278579
1311867288.785509348 -0.271091929 -0.331758597 0.541705195 -0.090672736 0.013513230 -0.073921939 0.993041487
1311867288.819222689 -0.261855199 -0.332556835 0.541537522 -0.090473644 0.011972420 -0.072347048 0.993195391
1311867288.854330778 -0.266396644 -0.324603495 0.539033273 -0.089141390 0.013793134 -0.072434881 0.993285835
1311867288.885556459 -0.264548898 -0.329874085 0.541504744 -0.090812062 0.013366605 -0.071826840 0.993184479
1311867288.917611837 -0.265213337 -0.331447898 0.537850023 -0.091256293 0.014223304 -0.071434809 0.993160135
1311867288.954938889 -0.271564159 -0.325550317 0.537840595 -0.090043458 0.016541210 -0.073072888 0.993115762
1311867288.985591888 -0.266589862 -0.323647500 0.538499213 -0.090032130 0.015004189 -0.071541945 0.993252657
1311867289.017656088 -0.265650131 -0.329385232 0.537972000 -0.091867898 0.014489746 -0.070479644 0.993168141
1311867289.053511858 -0.261728915 -0.330035657 0.538691812 -0.091668235 0.014873325 -0.070593554 0.993172829
1311867289.085511446 -0.269990460 -0.320934738 0.534830039 -0.088625780 0.018059928 -0.071995053 0.993295536
1311867289.117543459 -0.265819801 -0.327532640 0.536987805 -0.091532994 0.016484727 -0.070767869 0.993147458
1311867289.154582500 -0.274292120 -0.319983853 0.536768698 -0.088611176 0.019028396 -0.072436558 0.993246659
1311867289.218482494 -0.271968258 -0.319278274 0.538485840 -0.088460507 0.018404463 -0.072023618 0.993301874
1311867289.255039454 -0.292821936 -0.314536783 0.529798808 -0.086147254 0.023276128 -0.077514273 0.992989632
1311867289.285387278 -0.277843602 -0.327840095 0.532860345 -0.089535137 0.019004519 -0.071880592 0.993204646
1311867289.317628384 -0.281491732 -0.313260829 0.534158441 -0.085194104 0.020239482 -0.074785835 0.993347576
1311867289.353909254 -0.285536688 -0.314793252 0.533542975 -0.086238260 0.020473731 -0.073914839 0.993317867
1311867289.386184692 -0.269810123 -0.326732619 0.541277356 -0.089435869 0.015097187 -0.068914689 0.993490848
1311867289.417703867 -0.269318473 -0.312002049 0.538429789 -0.085732087 0.014903471 -0.070480439 0.993710422
1311867289.453606129 -0.271439572 -0.319126389 0.539854852 -0.088649855 0.015466288 -0.071055934 0.993404777
1311867289.485960960 -0.276203637 -0.325250209 0.541077256 -0.089821469 0.016442695 -0.072715090 0.993163761
1311867289.518318415 -0.282217415 -0.315525281 0.535773168 -0.087721467 0.017729490 -0.074549351 0.993193337
1311867289.554868698 -0.275140082 -0.317481805 0.536696283 -0.090163477 0.015152640 -0.072745077 0.993151096
1311867289.585612535 -0.284274332 -0.322809355 0.540070320 -0.090115880 0.016691242 -0.075822270 0.992900556
1311867289.617649317 -0.280162977 -0.316573288 0.538043381 -0.088554641 0.015856580 -0.075020204 0.993115609
1311867289.653638840 -0.284014658 -0.295844536 0.541433058 -0.084779439 0.017374172 -0.078520238 0.993149111
1311867289.685685158 -0.283916812 -0.306463304 0.537970065 -0.088366435 0.016309196 -0.078569661 0.992850538
1311867289.720426559 -0.275896025 -0.306128610 0.541085375 -0.089999215 0.013588230 -0.077629386 0.992818805
1311867289.756408215 -0.273551328 -0.302269760 0.545610814 -0.091449455 0.012692056 -0.078093040 0.992661768
1311867289.785568237 -0.274861054 -0.307733663 0.550324580 -0.092903896 0.012490995 -0.079476313 0.992419446
1311867289.824025631 -0.279776256 -0.312322014 0.549205992 -0.093521513 0.013369787 -0.079846879 0.992320236
1311867289.854175568 -0.280684751 -0.318130873 0.543238388 -0.096179148 0.013269768 -0.078314594 0.992189654
1311867289.885568142 -0.284895092 -0.318593538 0.546881373 -0.096790309 0.014391820 -0.079884800 0.991989380
1311867289.920046091 -0.283188059 -0.306970349 0.551077861 -0.093272733 0.013692870 -0.082928434 0.992086477
1311867289.953640938 -0.285437514 -0.305416777 0.552807611 -0.092968054 0.013697441 -0.082998073 0.992109188
1311867289.985527992 -0.283520103 -0.323451792 0.552175842 -0.098527393 0.012212384 -0.079021821 0.991916711
1311867290.020152807 -0.283559608 -0.328643122 0.553006307 -0.097485037 0.011817802 -0.080700738 0.991889307
1311867290.053574562 -0.272189740 -0.331405654 0.553809263 -0.098042046 0.009529962 -0.076237863 0.992212036
1311867290.085473776 -0.276821306 -0.328524746 0.558107668 -0.097368919 0.010840410 -0.076276351 0.992261910
1311867290.124880314 -0.273313752 -0.332597710 0.558088035 -0.097272043 0.009941414 -0.075284944 0.992356536
1311867290.153612614 -0.279864816 -0.324044974 0.553176895 -0.095238676 0.012744482 -0.074440070 0.992585437
1311867290.185637951 -0.278391579 -0.321940164 0.554561040 -0.095400206 0.012602460 -0.073732514 0.992624549
1311867290.222529173 -0.282421036 -0.321074092 0.554693829 -0.094793667 0.013537928 -0.074573639 0.992607504
1311867290.254026651 -0.270667672 -0.325650251 0.555354470 -0.097539466 0.010687884 -0.071117477 0.992629904
1311867290.286993504 -0.274169423 -0.328740845 0.558209242 -0.098886772 0.011511459 -0.072316738 0.992400716
1311867290.322046041 -0.276917339 -0.321948995 0.559112095 -0.095516811 0.011848058 -0.072844704 0.992688174
1311867290.354777098 -0.278298749 -0.325228969 0.552550112 -0.096607763 0.012468178 -0.072040558 0.992633690
1311867290.386415720 -0.281762249 -0.322495196 0.559338755 -0.096262977 0.013263000 -0.073557601 0.992545622
1311867290.421620131 -0.280752322 -0.327897558 0.560430662 -0.096858729 0.011654463 -0.072890765 0.992557050
1311867290.457663059 -0.276852369 -0.322493854 0.555637140 -0.095614424 0.010392217 -0.071887800 0.992764840
1311867290.485983372 -0.275608986 -0.331277648 0.559850782 -0.098262903 0.009755310 -0.071501605 0.992540557
1311867290.522328138 -0.280405924 -0.325540160 0.559339414 -0.094899901 0.010760949 -0.074431505 0.992642011
1311867290.553705692 -0.277008751 -0.322624792 0.553469411 -0.094568758 0.010468122 -0.073102326 0.992775513
1311867290.585554123 -0.283443534 -0.323644800 0.556821317 -0.095184464 0.011448006 -0.073953309 0.992642821
1311867290.620154858 -0.286613898 -0.324159104 0.552136281 -0.094586848 0.011809024 -0.074713649 0.992638779
1311867290.653602362 -0.282683784 -0.329899480 0.551862433 -0.097075351 0.011106069 -0.072809237 0.992548158
1311867290.685717821 -0.285232726 -0.324052380 0.557096200 -0.096251176 0.011555539 -0.074139713 0.992524802
1311867290.725606441 -0.282186004 -0.328605104 0.554822974 -0.096403557 0.010697099 -0.073881298 0.992538906
1311867290.753974199 -0.287305248 -0.325076360 0.548152189 -0.094937576 0.012037401 -0.073993229 0.992656516
1311867290.786573887 -0.280509238 -0.325201967 0.553646388 -0.095577032 0.010337715 -0.072754753 0.992705852
1311867290.823127985 -0.279698186 -0.333609765 0.552248625 -0.096971867 0.009667538 -0.071921476 0.992638049
1311867290.855585814 -0.287049636 -0.313486304 0.550384548 -0.090339907 0.012125105 -0.076376476 0.992903982
1311867290.887677908 -0.287443128 -0.321663912 0.549784039 -0.092638483 0.011877167 -0.075703382 0.992746716
1311867290.922692776 -0.284917493 -0.323732900 0.549046577 -0.092959190 0.011306096 -0.075141280 0.992766110
1311867290.953710556 -0.280619929 -0.326432537 0.548472170 -0.093391876 0.010595367 -0.074218905 0.992802725
1311867290.990675926 -0.278514837 -0.325181325 0.547154837 -0.092866000 0.010424884 -0.073794140 0.992885518
1311867291.023909569 -0.279411279 -0.327446761 0.544261800 -0.093434775 0.010758145 -0.073842798 0.992824983
1311867291.055819750 -0.277839356 -0.329667126 0.544671017 -0.092845433 0.010820122 -0.074126807 0.992858433
1311867291.090338469 -0.275982722 -0.330251790 0.542991683 -0.093676046 0.011032166 -0.073426820 0.992830092
1311867291.120272398 -0.279061338 -0.333327311 0.544378994 -0.094687727 0.011625904 -0.073397292 0.992729525
1311867291.154182434 -0.273009324 -0.329138729 0.544747236 -0.092349634 0.009714000 -0.073260031 0.992980438
1311867291.189179182 -0.269052664 -0.330396969 0.542595722 -0.093404922 0.009188044 -0.072854943 0.992916541
1311867291.221074343 -0.279437950 -0.326726759 0.541446001 -0.091796200 0.011734120 -0.074880814 0.992889033
1311867291.254380465 -0.275165871 -0.320990388 0.540850016 -0.090217953 0.010271427 -0.073256996 0.993170998
1311867291.287790537 -0.290108081 -0.315149015 0.535128949 -0.088621065 0.013701414 -0.078049763 0.992908260
1311867291.321059942 -0.275171185 -0.327085257 0.542038145 -0.091933290 0.009580443 -0.073480635 0.993004069
1311867291.354784250 -0.273125490 -0.328320238 0.540814733 -0.091523703 0.008753094 -0.073573007 0.993042702
1311867291.387834072 -0.266873981 -0.332136478 0.539845595 -0.092849920 0.006951087 -0.071559992 0.993080934
1311867291.422316313 -0.269983000 -0.330616314 0.538239240 -0.092028604 0.006982177 -0.072077289 0.993119756
1311867291.453656673 -0.280954168 -0.323769008 0.531732553 -0.088509620 0.009929613 -0.076307826 0.993098467
1311867291.488380671 -0.275170504 -0.324776049 0.535757091 -0.089224423 0.008162793 -0.074062938 0.993220546
1311867291.520139933 -0.285787738 -0.317445431 0.533687475 -0.087106639 0.010569607 -0.078658179 0.993032531
1311867291.553645134 -0.274902659 -0.320878911 0.532509877 -0.087447009 0.007510140 -0.075579576 0.993269523
1311867291.589497805 -0.270815169 -0.324637371 0.534182252 -0.089287259 0.006223321 -0.074910844 0.993165354
1311867291.620672703 -0.288560983 -0.317050717 0.532364407 -0.086416405 0.010639940 -0.080416837 0.992951222
1311867291.653970480 -0.281796302 -0.325042274 0.532185824 -0.088171912 0.008016198 -0.077227425 0.993074710
1311867291.689647198 -0.269429893 -0.333496445 0.536135098 -0.090896102 0.004657816 -0.074632013 0.993048975
1311867291.720251083 -0.275204480 -0.336139880 0.535668109 -0.091042048 0.006001362 -0.075377055 0.992972119
1311867291.753717899 -0.274522835 -0.330089376 0.536628922 -0.088148258 0.005046160 -0.075539139 0.993226187
1311867291.788984537 -0.277310798 -0.330680914 0.531966240 -0.088378301 0.005794459 -0.076381779 0.993137213
1311867291.821718693 -0.274910767 -0.328770089 0.529936893 -0.087305484 0.005405311 -0.076329732 0.993238293
1311867291.853864193 -0.274973063 -0.328950035 0.526310109 -0.087015399 0.006285170 -0.075796617 0.993299396
1311867291.887943268 -0.268777541 -0.331998312 0.533372730 -0.088644625 0.005282664 -0.074180843 0.993283155
1311867291.920685291 -0.273046003 -0.322435478 0.532077752 -0.085415908 0.006857078 -0.075650419 0.993445578
1311867291.953720093 -0.273151976 -0.326488268 0.528970819 -0.086396097 0.007960763 -0.075293927 0.993379668
1311867291.990091324 -0.276760045 -0.318885343 0.529167797 -0.084088781 0.010364045 -0.076524174 0.993461481
1311867292.022519827 -0.280976075 -0.315877947 0.531347165 -0.083532643 0.011780469 -0.077246731 0.993436692
1311867292.053682804 -0.266236800 -0.328710266 0.535560772 -0.087334754 0.008013271 -0.073573190 0.993426099
1311867292.092254400 -0.271781791 -0.322844292 0.534157745 -0.085684832 0.010249471 -0.073325397 0.993567534
1311867292.124381542 -0.265705991 -0.327406000 0.539200763 -0.087431086 0.008501549 -0.072389324 0.993500536
1311867292.160248756 -0.262946830 -0.324548880 0.535764719 -0.087015100 0.007517610 -0.071562071 0.993604915
1311867292.189972878 -0.273535120 -0.322199385 0.534513304 -0.086257564 0.010594495 -0.074240661 0.993446382
1311867292.220731974 -0.267529709 -0.328352200 0.535179865 -0.088430646 0.008745099 -0.072540398 0.993398930
1311867292.257684708 -0.278074477 -0.325753390 0.530638011 -0.087212980 0.011272886 -0.075287034 0.993276739
1311867292.287816048 -0.273516865 -0.327884732 0.533805945 -0.088375485 0.009571455 -0.073438578 0.993330225
1311867292.321386576 -0.069793703 -0.507403014 0.586716469 -0.143549954 -0.046664857 -0.016471041 0.988405032
1311867292.362159729 -0.264271606 -0.336872363 0.531350878 -0.090226095 0.006649519 -0.071597217 0.993322140
1311867292.395349741 -0.273375883 -0.333986624 0.526629559 -0.089322231 0.008899006 -0.072896823 0.993291699
1311867292.425930262 -0.271522209 -0.333794248 0.533614856 -0.089259442 0.008046452 -0.073107083 0.993289163
1311867292.456448317 -0.274093839 -0.330462220 0.532533010 -0.087949635 0.008790951 -0.074017480 0.993332267
1311867292.488350868 -0.268618069 -0.338451889 0.532415632 -0.089860847 0.006708344 -0.072381680 0.993298001
1311867292.522882700 -0.200048576 -0.424899659 0.545947046 -0.113968137 -0.013322602 -0.048679489 0.992201632
1311867292.558103561 -0.178212637 -0.428444591 0.555089492 -0.116551106 -0.019377971 -0.045117771 0.991970121
1311867292.588221550 -0.179314140 -0.429727859 0.557495262 -0.117304364 -0.019534379 -0.045518932 0.991859930
1311867292.623076439 -0.185708087 -0.425258570 0.552825982 -0.115853590 -0.017335387 -0.046223179 0.992038733
1311867292.659508467 -0.178045685 -0.429892061 0.555889083 -0.118432474 -0.019154607 -0.045112346 0.991751847
1311867292.688015461 -0.180059558 -0.433373485 0.556931498 -0.118996317 -0.018754244 -0.044656343 0.991712643
1311867292.720643282 -0.183028940 -0.426363157 0.554160905 -0.116388167 -0.017545466 -0.044767744 0.992039213
1311867292.756178379 -0.182753162 -0.423909709 0.554604381 -0.116073901 -0.016877216 -0.045772880 0.992041759
